[
  {
    "noticeUid": "e2c6c9f4-6f5b-4eae-bab7-9d0bfc7e8974",
    "noticeCategory": "DOG",
    "noticeTitle": "3세/믹스견/성격 활발",
    "noticeViewCount": 120,
    "animalType": "믹스견",
    "adoptState": "ADOPTABLE",
    "announcementNum": "2024-31245",
    "uniqueNum": 441560202401393,
    "noticeImgUrl": [
      "../../src/assets/동물사진/0ffdb425-e950-4597-86ca-32f427097984.jpg",
      "../../src/assets/동물사진/2f87965d-aefb-4e02-a4ac-15724beb78fa.jpg",
      "../../src/assets/동물사진/996230fe-916a-4ab4-980b-41b2ff42d08a.jpg",
      "../../src/assets/동물사진/ea5c7db3-df12-4498-bbfe-88a6c05e39f1.jpg"
    ],
    "euthanasiaDate": "2025-05-12T00:00:00",
    "noticeContent": "◉품종: 믹스견\n◉털색: 황갈색\n◉체중: 8kg\n◉나이: 3세\n◉발견장소: 서울 강남구\n◉특징: 활발하고 사랑스러운 성격",
    "noticeCreatedAt": "2024-12-01T08:00:00",
    "noticeUpdatedAt": "2024-12-02T08:00:00",
    "impossibleReason": "NULL",
    "adoptionAuthor": "관리자"
  },
  {
    "noticeUid": "d4f9c2ea-636d-429d-9a72-b0f99b3b7561",
    "noticeCategory": "DOG",
    "noticeTitle": "5세/시베리안허스키/온순한 성격",
    "noticeViewCount": 87,
    "animalType": "시베리안 허스키",
    "adoptState": "RESERVATION",
    "announcementNum": "2024-94872",
    "uniqueNum": 441560202401394,
    "noticeImgUrl": [
      "../../src/assets/동물사진/315b85b3-d35a-4c56-9b90-2288220da893.jpg",
      "../../src/assets/동물사진/57428d78-7ae2-4046-8b70-2cab08f284a9.jpg",
      "../../src/assets/동물사진/d6d98feb-bb8c-424a-a336-1b9a888260e9.jpg",
      "../../src/assets/동물사진/d666889f-9f7e-4974-8275-58c3f1fe1e11.jpg"
    ],
    "euthanasiaDate": "2025-06-15T00:00:00",
    "noticeContent": "◉품종: 시베리안허스키\n◉털색: 흰색과 회색\n◉체중: 20kg\n◉나이: 5세\n◉발견장소: 서울 마포구\n◉특징: 온순하고 차분한 성격, 잠시 예약 중",
    "noticeCreatedAt": "2024-12-02T09:00:00",
    "noticeUpdatedAt": "2024-12-03T09:30:00",
    "impossibleReason": "NULL",
    "adoptionAuthor": "관리자"
  },
  {
    "noticeUid": "a3a673de-cbbd-4b63-a0b1-d993f6638a62",
    "noticeCategory": "DOG",
    "noticeTitle": "2세/비글/활발한 성격",
    "noticeViewCount": 230,
    "animalType": "비글",
    "adoptState": "ADOPTABLE",
    "announcementNum": "2024-50628",
    "uniqueNum": 441560202401395,
    "noticeImgUrl": [
      "../../src/assets/동물사진/183f8aa3-afc8-4d73-96e3-2b18d707f968.jpg",
      "../../src/assets/동물사진/b589b0e7-c7fd-4393-8359-79b5cd4c1919.jpg",
      "../../src/assets/동물사진/c65c7b89-a17a-4c56-8627-aa7254534b26.jpg",
      "../../src/assets/동물사진/e302d487-65fc-4908-9173-1e800762e693.jpg"
    ],
    "euthanasiaDate": "2025-07-20T00:00:00",
    "noticeContent": "◉품종: 비글\n◉털색: 흰색과 갈색\n◉체중: 10kg\n◉나이: 2세\n◉발견장소: 경기도 수원시\n◉특징: 뛰어다니기를 좋아하는 활발한 성격",
    "noticeCreatedAt": "2024-12-01T10:00:00",
    "noticeUpdatedAt": "2024-12-02T10:30:00",
    "impossibleReason": "NULL",
    "adoptionAuthor": "관리자"
  },
  {
    "noticeUid": "c7d573ed-94b7-4973-a8e0-d0d503b7a4b2",
    "noticeCategory": "DOG",
    "noticeTitle": "4세/믹스견/귀여운 성격",
    "noticeViewCount": 180,
    "animalType": "믹스견",
    "adoptState": "ADOPTABLE",
    "announcementNum": "2024-19230",
    "uniqueNum": 441560202401396,
    "noticeImgUrl": [
      "../../src/assets/동물사진/28d0d540-bd71-4cb7-97d1-eda1bb2d25c6.jpg",
      "../../src/assets/동물사진/53c44c91-49ca-4783-b084-c0d8662260d0.jpg",
      "../../src/assets/동물사진/f9c134e9-a8fa-4171-84da-64f96c89df05.jpg",
      "../../src/assets/동물사진/f57f6b45-c356-469b-a592-ba49dfdbe20e.jpg"
    ],
    "euthanasiaDate": "2025-04-10T00:00:00",
    "noticeContent": "◉품종: 믹스견\n◉털색: 갈색\n◉체중: 7kg\n◉나이: 4세\n◉발견장소: 부산 동래구\n◉특징: 귀엽고 사랑스러운 성격, 다른 친구들과 잘 지내요",
    "noticeCreatedAt": "2024-12-02T11:00:00",
    "noticeUpdatedAt": "2024-12-03T11:45:00",
    "impossibleReason": "NULL",
    "adoptionAuthor": "관리자"
  },
  {
    "noticeUid": "b8d6b059-2d1b-490a-8b1b-8e2ec3d44e56",
    "noticeCategory": "DOG",
    "noticeTitle": "2세/진돗개/독립적인 성격",
    "noticeViewCount": 150,
    "animalType": "진돗개",
    "adoptState": "RESERVATION",
    "announcementNum": "2024-47895",
    "uniqueNum": 441560202401397,
    "noticeImgUrl": [
      "../../src/assets/동물사진/8d2e6d37-142f-4ea1-95ed-d56049ebf853.jpg",
      "../../src/assets/동물사진/03374b2e-e205-4b32-bff1-34a4f3fecb00.jpg",
      "../../src/assets/동물사진/e3cccf21-6d35-4b94-ae2d-538fc32d3d87.jpg",
      "../../src/assets/동물사진/e1539e8a-8e97-4c2f-a722-9320e11ad75c.jpg"
    ],
    "euthanasiaDate": "2025-03-25T00:00:00",
    "noticeContent": "◉품종: 진돗개\n◉털색: 백색\n◉체중: 13kg\n◉나이: 2세\n◉발견장소: 경상남도 김해시\n◉특징: 독립적인 성격, 예약 완료",
    "noticeCreatedAt": "2024-12-01T12:00:00",
    "noticeUpdatedAt": "2024-12-03T12:00:00",
    "impossibleReason": "NULL",
    "adoptionAuthor": "관리자"
  },
  {
    "noticeUid": "f4cbeced-1784-4d5e-96f5-98c4f1bbff56",
    "noticeCategory": "DOG",
    "noticeTitle": "3세/믹스견/사교적인 성격",
    "noticeViewCount": 205,
    "animalType": "믹스견",
    "adoptState": "ADOPTABLE",
    "announcementNum": "2024-28465",
    "uniqueNum": 441560202401398,
    "noticeImgUrl": [
      "../../src/assets/동물사진/5ca1433f-5080-4b22-969c-69e4a8875356.jpg",
      "../../src/assets/동물사진/53c270e7-d914-4401-a638-025aafed1649.jpg",
      "../../src/assets/동물사진/7640c5fd-d017-4e43-b226-479f82555869.jpg",
      "../../src/assets/동물사진/20973ade-a27d-4151-acff-5ed598432ff1.jpg"
    ],
    "euthanasiaDate": "2025-08-17T00:00:00",
    "noticeContent": "◉품종: 믹스견\n◉털색: 검정과 흰색\n◉체중: 9kg\n◉나이: 3세\n◉발견장소: 서울 서대문구\n◉특징: 사교적이고 외향적인 성격",
    "noticeCreatedAt": "2024-12-02T13:00:00",
    "noticeUpdatedAt": "2024-12-03T13:30:00",
    "impossibleReason": "NULL",
    "adoptionAuthor": "관리자"
  },
  {
    "noticeUid": "1cfc72b5-2ec2-46c5-96fd-2a917510a6a5",
    "noticeCategory": "DOG",
    "noticeTitle": "3개월/믹스견/사랑스러운 성격",
    "noticeViewCount": 160,
    "animalType": "믹스견",
    "adoptState": "ADOPTABLE",
    "announcementNum": "2024-67481",
    "uniqueNum": 441560202401399,
    "noticeImgUrl": [
      "../../src/assets/동물사진/0b65768b-1dde-4a7b-8a0a-697ca19a7424.jpg",
      "../../src/assets/동물사진/526fec9c-9654-448c-a1a1-0c9f5c05a10b.jpg",
      "../../src/assets/동물사진/623cc096-141e-43a3-a9c8-23df0280cc62.jpg",
      "../../src/assets/동물사진/c46b7606-6999-48bb-98e2-387a4bb9b54b.jpg"
    ],
    "euthanasiaDate": "2025-09-01T00:00:00",
    "noticeContent": "◉품종: 믹스견\n◉털색: 흰색\n◉체중: 0.6kg\n◉나이: 3개월\n◉발견장소: 서울 송파구\n◉특징: 사랑스럽고 착한 성격",
    "noticeCreatedAt": "2024-12-03T14:00:00",
    "noticeUpdatedAt": "2024-12-03T14:30:00",
    "impossibleReason": "NULL",
    "adoptionAuthor": "관리자"
  },
  {
    "noticeUid": "d839d37e-1d47-4d8f-a8d0-f423bc8bc15e",
    "noticeCategory": "DOG",
    "noticeTitle": "4세/불독/차분한 성격",
    "noticeViewCount": 140,
    "animalType": "불독",
    "adoptState": "ADOPTABLE",
    "announcementNum": "2024-82346",
    "uniqueNum": 441560202401400,
    "noticeImgUrl": [
      "../../src/assets/동물사진/81732886-3828-48bd-8a76-1412d358d522.jpg",
      "../../src/assets/동물사진/a9b61f31-5065-4477-8321-698e0edf24ff.jpg",
      "../../src/assets/동물사진/c1de2f69-f1b3-4ca2-8dae-98897a521668.jpg",
      "../../src/assets/동물사진/fcb0f1c1-21eb-438d-85a3-91cf3c820531.jpg"
    ],
    "euthanasiaDate": "2025-10-05T00:00:00",
    "noticeContent": "◉품종: 불독\n◉털색: 황토색\n◉체중: 18kg\n◉나이: 4세\n◉발견장소: 대구 달서구\n◉특징: 차분하고 안정적인 성격",
    "noticeCreatedAt": "2024-12-02T15:00:00",
    "noticeUpdatedAt": "2024-12-03T15:30:00",
    "impossibleReason": "NULL",
    "adoptionAuthor": "관리자"
  },
  {
    "noticeUid": "9c865cb5-6b57-4521-9a99-c572c34f6b7b",
    "noticeCategory": "DOG",
    "noticeTitle": "5개월/믹스견/친근한 성격",
    "noticeViewCount": 130,
    "animalType": "믹스견",
    "adoptState": "RESERVATION",
    "announcementNum": "2024-45193",
    "uniqueNum": 441560202401401,
    "noticeImgUrl": [
      "../../src/assets/동물사진/4fbd0d82-9672-4e50-83d5-6d8441bc1add.jpg",
      "../../src/assets/동물사진/6b8c586e-fe65-481d-9660-6265041490d5.jpg",
      "../../src/assets/동물사진/249d919e-56e9-4866-8515-9b3c9f18806b.jpg",
      "../../src/assets/동물사진/e09a341a-cadf-4c53-8dd5-3a1afbf8cd25.jpg"
    ],
    "euthanasiaDate": "2025-11-15T00:00:00",
    "noticeContent": "◉품종: 믹스견\n◉털색: 갈색\n◉체중: 0.8kg\n◉나이: 5개월\n◉발견장소: 전북 전주시\n◉특징: 친근하고 사람을 좋아하는 성격, 예약됨",
    "noticeCreatedAt": "2024-12-01T16:00:00",
    "noticeUpdatedAt": "2024-12-03T16:00:00",
    "impossibleReason": "NULL",
    "adoptionAuthor": "관리자"
  },
  {
    "noticeUid": "f4a93f45-c9f3-4d5b-b623-9f513c41d1d5",
    "noticeCategory": "DOG",
    "noticeTitle": "4개월/믹스견/활발한 성격",
    "noticeViewCount": 250,
    "animalType": "믹스견",
    "adoptState": "ADOPTABLE",
    "announcementNum": "2024-36784",
    "uniqueNum": 441560202401393,
    "noticeImgUrl": [
      "../../src/assets/동물사진/5dd42790-4581-4892-ae49-316d17459310.jpg",
      "../../src/assets/동물사진/185a74cf-d8cf-41eb-b45f-9de9f339baee.jpg",
      "../../src/assets/동물사진/661d4553-4b02-4978-8199-fad356fa57fe.jpg",
      "../../src/assets/동물사진/af730270-71ef-4031-86ef-efb51ac95d80.jpg"
    ],
    "euthanasiaDate": "2025-05-15T10:00:00",
    "noticeContent": "◉품종: 믹스견\n◉털색: 검정색\n◉체중: 1kg\n◉나이: 4개월\n◉발견장소: 인천 연수구\n◉특징: 활발하고 사람을 좋아하는 성격, 활동적인 가정에 적합",
    "noticeCreatedAt": "2024-12-03T14:30:00",
    "noticeUpdatedAt": "2024-12-03T14:45:00",
    "impossibleReason": "NULL",
    "adoptionAuthor": "관리자"
  },
  {
    "noticeUid": "b2a9ff24-e4b5-4a47-9430-d254b26a917b",
    "noticeCategory": "DOG",
    "noticeTitle": "2세/믹스견/온순한 성격",
    "noticeViewCount": 180,
    "animalType": "믹스견",
    "adoptState": "RESERVATION",
    "announcementNum": "2024-58712",
    "uniqueNum": 441560202401394,
    "noticeImgUrl": [
      "../../src/assets/동물사진/4b595e72-b2ff-4191-9717-053e025449d1.jpg",
      "../../src/assets/동물사진/6d8c8a80-9d3e-4fc5-ac8b-4fbcb60a167c.jpg",
      "../../src/assets/동물사진/676c5edc-ea6a-437e-8991-0373869302bf.jpg",
      "../../src/assets/동물사진/b6bac67f-77dc-4c10-bfd3-4e5231e80a7f.jpg"
    ],
    "euthanasiaDate": "2025-06-20T15:00:00",
    "noticeContent": "◉품종: 믹스견\n◉털색: 백색\n◉체중: 6kg\n◉나이: 2세\n◉발견장소: 대전 유성구\n◉특징: 온순하고 차분한 성격",
    "noticeCreatedAt": "2024-12-01T12:00:00",
    "noticeUpdatedAt": "2024-12-02T10:00:00",
    "impossibleReason": "NULL",
    "adoptionAuthor": "관리자"
  },
  {
    "noticeUid": "3d24ad1b-4448-4ecf-b083-64e5f3d6c1e9",
    "noticeCategory": "DOG",
    "noticeTitle": "5세/믹스견/차분한 성격",
    "noticeViewCount": 320,
    "animalType": "믹스견",
    "adoptState": "ADOPTABLE",
    "announcementNum": "2024-92471",
    "uniqueNum": 441560202401395,
    "noticeImgUrl": [
      "../../src/assets/동물사진/6d4d9240-d6ae-4df1-ad70-fa41e2e1cb6a.jpg",
      "../../src/assets/동물사진/6fc58053-aac5-45bb-a2b3-222d8efef502.jpg",
      "../../src/assets/동물사진/50d496b8-eede-44de-bba5-9321b2674d29.jpg",
      "../../src/assets/동물사진/cdf987e4-b141-4acb-aecb-446194d38883.jpg"
    ],
    "euthanasiaDate": "2025-07-10T09:00:00",
    "noticeContent": "◉품종: 믹스견\n◉털색: 갈색\n◉체중: 12kg\n◉나이: 5세\n◉발견장소: 경기도 고양시\n◉특징: 차분한 성격, 모든 연령대의 가족에게 적합",
    "noticeCreatedAt": "2024-12-02T09:00:00",
    "noticeUpdatedAt": "2024-12-02T09:30:00",
    "impossibleReason": "NULL",
    "adoptionAuthor": "관리자"
  },
  {
    "noticeUid": "9d354e3e-858b-4701-bc5b-b63d9db7c508",
    "noticeCategory": "DOG",
    "noticeTitle": "4세/믹스견/활발한 성격",
    "noticeViewCount": 150,
    "animalType": "믹스견",
    "adoptState": "RESERVATION",
    "announcementNum": "2024-13946",
    "uniqueNum": 441560202401396,
    "noticeImgUrl": [
      "../../src/assets/동물사진/5d1c2982-84eb-481f-8387-b8aa3061b22d.jpg",
      "../../src/assets/동물사진/7d254dcf-a523-4671-b962-9fc1f05f6f7e.jpg",
      "../../src/assets/동물사진/8e728434-35a9-45b8-8050-468b11dc9209.jpg",
      "../../src/assets/동물사진/6123a2dc-9000-4da6-8fa0-b110136e910e.jpg"
    ],
    "euthanasiaDate": "2025-08-22T11:00:00",
    "noticeContent": "◉품종: 믹스견\n◉털색: 검정과 흰색\n◉체중: 8kg\n◉나이: 4세\n◉발견장소: 부산 해운대구\n◉특징: 활발하고 외향적인 성격",
    "noticeCreatedAt": "2024-12-01T14:00:00",
    "noticeUpdatedAt": "2024-12-01T14:30:00",
    "impossibleReason": "NULL",
    "adoptionAuthor": "관리자"
  },
  {
    "noticeUid": "2d9984e3-8c33-4003-bc83-3d4b4cd02a85",
    "noticeCategory": "DOG",
    "noticeTitle": "1세/믹스견/조용한 성격",
    "noticeViewCount": 280,
    "animalType": "믹스",
    "adoptState": "ADOPTABLE",
    "announcementNum": "2024-53890",
    "uniqueNum": 441560202401397,
    "noticeImgUrl": [
      "../../src/assets/동물사진/679fcc7e-ac2c-4544-afc1-7528d8533f10.jpg",
      "../../src/assets/동물사진/728e9dfd-b4d5-4d9b-9c0f-85f18dff30a4.jpg",
      "../../src/assets/동물사진/3534b4a4-44d6-4d6a-a8f3-246602d5c448.jpg",
      "../../src/assets/동물사진/b825f153-2c4d-4380-ba88-340a7b61ec1e.jpg"
    ],
    "euthanasiaDate": "2025-09-05T10:30:00",
    "noticeContent": "◉품종: 믹스견\n◉털색: 회색\n◉체중: 1kg\n◉나이: 1세\n◉발견장소: 서울 강서구\n◉특징: 조용하고 내성적인 성격",
    "noticeCreatedAt": "2024-12-01T08:00:00",
    "noticeUpdatedAt": "2024-12-01T08:30:00",
    "impossibleReason": "NULL",
    "adoptionAuthor": "관리자"
  },
  {
    "noticeUid": "ed4a7427-241f-4885-a2e3-8009c5241bff",
    "noticeCategory": "DOG",
    "noticeTitle": "8개월/믹스견/조용한 성격",
    "noticeViewCount": 500,
    "animalType": "믹스견",
    "adoptState": "RESERVATION",
    "announcementNum": "2024-67504",
    "uniqueNum": 441560202401398,
    "noticeImgUrl": [
      "../../src/assets/동물사진/84d3deb6-767e-4ab6-8970-15ff1780e3ce.jpg",
      "../../src/assets/동물사진/13065c33-6781-4457-b941-3c5b0461a4f8.jpg",
      "../../src/assets/동물사진/b50e1534-994e-466e-ae73-c97855fae87d.jpg",
      "../../src/assets/동물사진/d8a1349b-ddb6-4d60-b39b-12f7455c1a25.jpg"
    ],
    "euthanasiaDate": "2025-10-15T16:00:00",
    "noticeContent": "◉품종: 믹스견\n◉털색: 갈색\n◉체중: 1kg\n◉나이: 8개월\n◉발견장소: 경기 수원시\n◉특징: 조용하고 차분한 성격",
    "noticeCreatedAt": "2024-12-03T16:00:00",
    "noticeUpdatedAt": "2024-12-03T16:30:00",
    "impossibleReason": "NULL",
    "adoptionAuthor": "관리자"
  },
  {
    "noticeUid": "db9b3452-b983-4d76-bd34-f1b63b5439de",
    "noticeCategory": "DOG",
    "noticeTitle": "3세/믹스견/사교적인 성격",
    "noticeViewCount": 220,
    "animalType": "믹스견",
    "adoptState": "ADOPTABLE",
    "announcementNum": "2024-29185",
    "uniqueNum": 441560202401399,
    "noticeImgUrl": [
      "../../src/assets/동물사진/7cde878b-f41b-4698-84da-630e9e98b940.jpg",
      "../../src/assets/동물사진/8cd81d1b-a9cb-477d-858d-77ec1e12685e.jpg",
      "../../src/assets/동물사진/9dbc150b-8487-4bec-8f54-5639a17c21a7.jpg",
      "../../src/assets/동물사진/adf50ad1-7527-4bcc-9afd-e3fbd81a573c.jpg"
    ],
    "euthanasiaDate": "2025-11-25T14:00:00",
    "noticeContent": "◉품종: 믹스견\n◉털색: 검정색\n◉체중: 9kg\n◉나이: 3세\n◉발견장소: 서울 구로구\n◉특징: 사교적이고 친근한 성격",
    "noticeCreatedAt": "2024-12-03T17:00:00",
    "noticeUpdatedAt": "2024-12-03T17:30:00",
    "impossibleReason": "NULL",
    "adoptionAuthor": "관리자"
  },
  {
    "noticeUid": "a4fe7e5e-3d19-437f-8276-bdcad764b5f1",
    "noticeCategory": "DOG",
    "noticeTitle": "2세/믹스견/차분한 성격",
    "noticeViewCount": 310,
    "animalType": "믹스견",
    "adoptState": "RESERVATION",
    "announcementNum": "2024-74103",
    "uniqueNum": 441560202401400,
    "noticeImgUrl": [
      "../../src/assets/동물사진/5a3ffef6-19e2-460f-b920-f2e4e1ff5381.jpg",
      "../../src/assets/동물사진/6dc4f83e-7c61-410c-bb02-738690ddd039.jpg",
      "../../src/assets/동물사진/280f3281-d65d-4826-b978-8566b283d52e.jpg",
      "../../src/assets/동물사진/d244dbf4-9f23-43c4-8fb2-4d22cf80bfe3.jpg"
    ],
    "euthanasiaDate": "2025-12-02T11:00:00",
    "noticeContent": "◉품종: 믹스견\n◉털색: 황갈색\n◉체중: 10kg\n◉나이: 2세\n◉발견장소: 인천 부평구\n◉특징: 차분하고 온화한 성격",
    "noticeCreatedAt": "2024-12-03T18:00:00",
    "noticeUpdatedAt": "2024-12-03T18:30:00",
    "impossibleReason": "NULL",
    "adoptionAuthor": "관리자"
  },
  {
    "noticeUid": "c9ae89f9-b529-4420-9461-97e8b0b47760",
    "noticeCategory": "DOG",
    "noticeTitle": "3세/믹스견/애교 많은 성격",
    "noticeViewCount": 400,
    "animalType": "믹스견",
    "adoptState": "ADOPTABLE",
    "announcementNum": "2024-62458",
    "uniqueNum": 441560202401401,
    "noticeImgUrl": [
      "../../src/assets/동물사진/3866e3e3-9668-4f99-b578-567789c59dae.jpg",
      "../../src/assets/동물사진/aff7ed7e-c973-4d21-80a7-cc2d19a7bed9.jpg",
      "../../src/assets/동물사진/b8b13c3d-d21d-4838-a46c-e4ac143f7006.jpg",
      "../../src/assets/동물사진/f7bdbe46-ae51-499d-95b9-20988d8aa480.jpg"
    ],
    "euthanasiaDate": "2025-12-20T10:00:00",
    "noticeContent": "◉품종: 믹스견\n◉털색: 흰색\n◉체중: 7kg\n◉나이: 3세\n◉발견장소: 서울 성북구\n◉특징: 애교가 많고 사람을 좋아하는 성격",
    "noticeCreatedAt": "2024-12-03T19:00:00",
    "noticeUpdatedAt": "2024-12-03T19:30:00",
    "impossibleReason": "NULL",
    "adoptionAuthor": "관리자"
  },
  {
    "noticeUid": "f83b1b84-df61-41c5-95c2-7b3a9638f3a1",
    "noticeCategory": "DOG",
    "noticeTitle": "1세/믹스견/호기심 많은 성격",
    "noticeViewCount": 350,
    "animalType": "믹스견",
    "adoptState": "RESERVATION",
    "announcementNum": "2024-38729",
    "uniqueNum": 441560202401402,
    "noticeImgUrl": [
      "../../src/assets/동물사진/8099a0b1-4b86-46e2-b0e5-85a118b7ca14.jpg",
      "../../src/assets/동물사진/b79b2cdb-5a87-42e9-8842-d53675e4c38b.jpg",
      "../../src/assets/동물사진/e8a0b616-e8ff-4205-aa15-6ee8728c541f.jpg",
      "../../src/assets/동물사진/f37c2ddb-a66d-4ff2-a3f9-1c23d93d4658.jpg"
    ],
    "euthanasiaDate": "2025-01-10T09:00:00",
    "noticeContent": "◉품종: 믹스견\n◉털색: 갈색\n◉체중: 6kg\n◉나이: 1세\n◉발견장소: 서울 종로구\n◉특징: 호기심 많고 활동적인 성격, 산책을 좋아함\n◉안락사 예정일: 2025-01-10",
    "noticeCreatedAt": "2024-12-03T20:00:00",
    "noticeUpdatedAt": "2024-12-03T20:30:00",
    "impossibleReason": "NULL",
    "adoptionAuthor": "관리자"
  },
  {
    "noticeUid": "b17a05ff-f75d-4513-9d18-df65ad6f7179",
    "noticeCategory": "DOG",
    "noticeTitle": "3세/믹스견/조용하고 신중한 성격",
    "noticeViewCount": 500,
    "animalType": "믹스견",
    "adoptState": "ADOPTABLE",
    "announcementNum": "2024-50671",
    "uniqueNum": 441560202401403,
    "noticeImgUrl": [
      "../../src/assets/동물사진/1f4c9467-d263-4617-8b33-f684f3ada3f8.jpg",
      "../../src/assets/동물사진/02dcb50a-9515-4cb8-a753-7e05bd2a27d6.jpg",
      "../../src/assets/동물사진/100ab62c-5e65-4a53-9bf6-ca9f21128859.jpg",
      "../../src/assets/동물사진/a80871ad-f17b-4137-b775-8c45e9d77a13.jpg"
    ],
    "euthanasiaDate": "2025-01-15T13:00:00",
    "noticeContent": "◉품종: 믹스견\n◉털색: 검정\n◉체중: 10kg\n◉나이: 3세\n◉발견장소: 서울 동대문구\n◉특징: 조용하고 신중한 성격, 낮은 활동량 선호",
    "noticeCreatedAt": "2024-12-03T21:00:00",
    "noticeUpdatedAt": "2024-12-03T21:30:00",
    "impossibleReason": "NULL",
    "adoptionAuthor": "관리자"
  },
  {
    "noticeUid": "fb3f01f8-dfa5-4fcb-bbdf-d63a740cfe6d",
    "noticeCategory": "DOG",
    "noticeTitle": "1세/믹스견/친근한 성격",
    "noticeViewCount": 210,
    "animalType": "믹스견",
    "adoptState": "ADOPTABLE",
    "announcementNum": "2024-93204",
    "uniqueNum": 441560202401404,
    "noticeImgUrl": [
      "../../src/assets/동물사진/a7ca4ff1-72ee-451a-908e-b24d729d8c1c.jpg",
      "../../src/assets/동물사진/b0cad27f-48a5-4a6c-9695-291eb57675df.jpg",
      "../../src/assets/동물사진/c80d0b0a-ed46-475c-9b66-a2a58c5828e6.jpg",
      "../../src/assets/동물사진/c959f719-6ffb-4521-acb4-7e1d79600575.jpg"
    ],
    "euthanasiaDate": "2025-02-12T08:00:00",
    "noticeContent": "◉품종: 믹스견\n◉털색: 갈색\n◉체중: 5kg\n◉나이: 2세\n◉발견장소: 인천 남동구\n◉특징: 친근하고 사교적인 성격",
    "noticeCreatedAt": "2024-12-03T22:00:00",
    "noticeUpdatedAt": "2024-12-03T22:30:00",
    "impossibleReason": "NULL",
    "adoptionAuthor": "관리자"
  },
  {
    "noticeUid": "f3eaf507-04f3-4889-80fd-649fb529f780",
    "noticeCategory": "DOG",
    "noticeTitle": "3세/믹스견/애교 많은 성격",
    "noticeViewCount": 190,
    "animalType": "믹스견",
    "adoptState": "RESERVATION",
    "announcementNum": "2024-75916",
    "uniqueNum": 441560202401405,
    "noticeImgUrl": [
      "../../src/assets/동물사진/3e75bbe6-c7cd-4711-90b4-acf28dd4140f.jpg",
      "../../src/assets/동물사진/5ed6d8bd-129d-47a8-be68-9d67d2ddaca5.jpg",
      "../../src/assets/동물사진/aef8ee3b-e74f-4a79-a721-fc5d4acc1156.jpg",
      "../../src/assets/동물사진/ea0b2855-7cdb-4b11-946b-c13b237feb51.jpg"
    ],
    "euthanasiaDate": "2025-03-01T10:30:00",
    "noticeContent": "◉품종: 믹스견\n◉털색: 황금색\n◉체중: 8kg\n◉나이: 3세\n◉발견장소: 서울 송파구\n◉특징: 애교가 많고 사람을 좋아하는 성격",
    "noticeCreatedAt": "2024-12-03T23:00:00",
    "noticeUpdatedAt": "2024-12-03T23:30:00",
    "impossibleReason": "NULL",
    "adoptionAuthor": "관리자"
  },
  {
    "noticeUid": "9e19a0bc-6f39-4f37-b7b9-7f20b3a0a2c6",
    "noticeCategory": "DOG",
    "noticeTitle": "2개월/믹스견/온순한 성격",
    "noticeViewCount": 400,
    "animalType": "믹스견",
    "adoptState": "ADOPTABLE",
    "announcementNum": "2024-84372",
    "uniqueNum": 441560202401406,
    "noticeImgUrl": [
      "../../src/assets/동물사진/4d92aa80-e1fd-4af7-a83a-4e49b86f8272.jpg",
      "../../src/assets/동물사진/37d85b27-cc78-42e0-afda-104b7fde3a94.jpg",
      "../../src/assets/동물사진/668a0598-22ca-4df9-afc2-3c243597e6fa.jpg",
      "../../src/assets/동물사진/60807c35-1c62-4fec-a18b-9a7f5dee41d3.jpg"
    ],
    "euthanasiaDate": "2025-04-10T11:00:00",
    "noticeContent": "◉품종 : 믹스견\n◉털색 : 흰색과 갈색\n◉체중 : 2kg\n◉나이 : 2개월\n◉발견장소 : 경기도 평택시\n◉특징 : 온순하고 차분한 성격",
    "noticeCreatedAt": "2024-12-03T12:00:00",
    "noticeUpdatedAt": "2024-12-03T12:30:00",
    "impossibleReason": "NULL",
    "adoptionAuthor": "관리자"
  },
  {
    "noticeUid": "c28bfe42-f462-4a23-b46a-778b98ef68e7",
    "noticeCategory": "DOG",
    "noticeTitle": "2개월/믹스견/활발한 성격",
    "noticeViewCount": 180,
    "animalType": "믹스견",
    "adoptState": "RESERVATION",
    "announcementNum": "2024-64839",
    "uniqueNum": 441560202401407,
    "noticeImgUrl": [
      "../../src/assets/동물사진/22ca77f4-e775-4d8b-86c3-7da1d3d5da1c.jpg",
      "../../src/assets/동물사진/55a8ffa4-9ff5-4cbd-8b8d-319a84b84d74.jpg",
      "../../src/assets/동물사진/05111983-1dd7-4f5c-8755-8c236749f12d.jpg",
      "../../src/assets/동물사진/bb9a25ad-b4f4-47c8-8560-4a7d53546425.jpg"
    ],
    "euthanasiaDate": "2025-05-14T14:00:00",
    "noticeContent": "◉품종 : 믹스견\n◉털색 : 갈색과 흰색\n◉체중 : 2.5kg\n◉나이 : 2개월\n◉발견장소 : 서울 서초구\n◉특징 : 활발하고 사람을 좋아하는 성격",
    "noticeCreatedAt": "2024-12-03T13:00:00",
    "noticeUpdatedAt": "2024-12-03T13:30:00",
    "impossibleReason": "NULL",
    "adoptionAuthor": "관리자"
  },
  {
    "noticeUid": "b13c99f0-79f4-4d42-85f6-6fe2ae4a6f9a",
    "noticeCategory": "DOG",
    "noticeTitle": "7세/도베르만/조용한 성격",
    "noticeViewCount": 260,
    "animalType": "도베르만",
    "adoptState": "ADOPTABLE",
    "announcementNum": "2024-17052",
    "uniqueNum": 441560202401408,
    "noticeImgUrl": [
      "../../src/assets/동물사진/3e5563d6-557a-4443-bfe5-a310862cb5ab.jpg",
      "../../src/assets/동물사진/a5b97eb7-2c04-49b3-b6bb-b5aadc6e9cba.jpg",
      "../../src/assets/동물사진/b99ca88f-f567-4b8a-8062-66307cba3c95.jpg",
      "../../src/assets/동물사진/de67c30c-577d-4c1f-9fac-6eb17573a5d3.jpg"
    ],
    "euthanasiaDate": "2025-06-01T09:30:00",
    "noticeContent": "◉품종 : 도베르만\n◉털색 : 검정색과 갈색\n◉체중 : 30kg\n◉나이 : 7세\n◉발견장소 : 서울 강남구\n◉특징 : 조용하고 차분한 성격",
    "noticeCreatedAt": "2024-12-03T14:00:00",
    "noticeUpdatedAt": "2024-12-03T14:30:00",
    "impossibleReason": "NULL",
    "adoptionAuthor": "관리자"
  },
  {
    "noticeUid": "d781c9d1-b869-49b1-b763-6ab6f383b1e4",
    "noticeCategory": "DOG",
    "noticeTitle": "3세/골든리트리버/사교적인 성격",
    "noticeViewCount": 280,
    "animalType": "골든리트리버",
    "adoptState": "ADOPTABLE",
    "announcementNum": "2024-26743",
    "uniqueNum": 441560202401409,
    "noticeImgUrl": [
      "../../src/assets/동물사진/5a77e507-cc91-4075-a559-ad76b0146177.jpg",
      "../../src/assets/동물사진/6eca18a9-f18c-4e03-8c27-d1414e9fa86f.jpg",
      "../../src/assets/동물사진/424da227-8402-42c7-bd52-5f8e930222f5.jpg",
      "../../src/assets/동물사진/b25c9bdd-ad78-42bc-971d-7430d7f9d231.jpg"
    ],
    "euthanasiaDate": "2025-07-20T10:00:00",
    "noticeContent": "◉품종 : 골든리트리버\n◉털색 : 금색\n◉체중 : 25kg\n◉나이 : 3세\n◉발견장소 : 경기도 용인시\n◉특징 : 사교적이고 사람을 좋아하는 성격",
    "noticeCreatedAt": "2024-12-03T15:00:00",
    "noticeUpdatedAt": "2024-12-03T15:30:00",
    "impossibleReason": "NULL",
    "adoptionAuthor": "관리자"
  },
  {
    "noticeUid": "c9a9f72c-9cbb-4126-96e1-26ed1e1f9b93",
    "noticeCategory": "DOG",
    "noticeTitle": "3세/치와와/독립적인 성격",
    "noticeViewCount": 150,
    "animalType": "치와와",
    "adoptState": "ADOPTABLE",
    "announcementNum": "2024-81957",
    "uniqueNum": 441560202401410,
    "noticeImgUrl": [
      "../../src/assets/동물사진/8b33dce0-a99e-416b-a40b-9d06e9c6e359.jpg",
      "../../src/assets/동물사진/234b8850-66c4-4a8f-8855-a5e23d1e5c3d.jpg",
      "../../src/assets/동물사진/cb25b9eb-f386-4270-94b5-3e8cbf07e2ea.jpg",
      "../../src/assets/동물사진/fa5bb1f4-b11b-4156-9580-8c8c458ddc20.jpg"
    ],
    "euthanasiaDate": "2025-08-10T12:00:00",
    "noticeContent": "◉품종 : 치와와\n◉털색 : 크림색\n◉체중 : 2kg\n◉나이 : 3세\n◉발견장소 : 서울 송파구\n◉특징 : 독립적이고 자신감 있는 성격",
    "noticeCreatedAt": "2024-12-03T16:00:00",
    "noticeUpdatedAt": "2024-12-03T16:30:00",
    "impossibleReason": "NULL",
    "adoptionAuthor": "관리자"
  },
  {
    "noticeUid": "8fa41a6b-7c96-4e9b-b07b-d8e674af52db",
    "noticeCategory": "DOG",
    "noticeTitle": "4세/닥스훈트/친화적인 성격",
    "noticeViewCount": 320,
    "animalType": "닥스훈트",
    "adoptState": "RESERVATION",
    "announcementNum": "2024-39016",
    "uniqueNum": 441560202401411,
    "noticeImgUrl": [
      "../../src/assets/동물사진/4a115f15-3580-4c66-8a7e-d1762ab48a31.jpg",
      "../../src/assets/동물사진/5d7f5688-a191-452b-a774-82791ac5cc98.jpg",
      "../../src/assets/동물사진/bfdf89c5-5c35-4af8-a2cf-08d2a905baee.jpg",
      "../../src/assets/동물사진/e59295af-9897-4eaa-8be6-0524eb9018e7.jpg"
    ],
    "euthanasiaDate": "2025-09-05T11:30:00",
    "noticeContent": "◉품종 : 닥스훈트\n◉털색 : 갈색\n◉체중 : 6kg\n◉나이 : 4세\n◉발견장소 : 인천 남동구\n◉특징 : 친화적이고 활동적인 성격",
    "noticeCreatedAt": "2024-12-03T17:00:00",
    "noticeUpdatedAt": "2024-12-03T17:30:00",
    "impossibleReason": "NULL",
    "adoptionAuthor": "관리자"
  },
  {
    "noticeUid": "5b9b63e7-43e1-42c5-b97a-9c05655749f0",
    "noticeCategory": "DOG",
    "noticeTitle": "5세/믹스견/차분한 성격",
    "noticeViewCount": 250,
    "animalType": "믹스견",
    "adoptState": "ADOPTABLE",
    "announcementNum": "2024-53284",
    "uniqueNum": 441560202401412,
    "noticeImgUrl": [
      "../../src/assets/동물사진/3e8f58e5-c366-4f42-aee9-bb72ad3fc4f1.jpg",
      "../../src/assets/동물사진/16c0533d-3723-4006-847e-91ebba8d09bc.jpg",
      "../../src/assets/동물사진/056f0fdd-d711-4ddf-9caf-6596c49174e9.jpg",
      "../../src/assets/동물사진/e35ce0d4-6421-4910-8809-a081708936de.jpg"
    ],
    "euthanasiaDate": "2025-10-15T09:00:00",
    "noticeContent": "◉품종 : 믹스견\n◉털색 : 회색\n◉체중 : 8kg\n◉나이 : 5세\n◉발견장소 : 서울 마포구\n◉특징 : 차분하고 온화한 성격",
    "noticeCreatedAt": "2024-12-03T18:00:00",
    "noticeUpdatedAt": "2024-12-03T18:30:00",
    "impossibleReason": "NULL",
    "adoptionAuthor": "관리자"
  },
  {
    "noticeUid": "a1c3e396-1053-462f-b7f5-89b9ffcd07b3",
    "noticeCategory": "DOG",
    "noticeTitle": "2세/믹스견/똑똑한 성격",
    "noticeViewCount": 420,
    "animalType": "믹스견",
    "adoptState": "NOTADOPT",
    "announcementNum": "2024-60491",
    "uniqueNum": 441560202401413,
    "noticeImgUrl": [
      "../../src/assets/동물사진/02ad78b5-8eae-4d68-bd00-34200cc4e06e.jpg",
      "../../src/assets/동물사진/40f86180-707c-4d13-9821-ce91dccbebe1.jpg",
      "../../src/assets/동물사진/a8f571ca-c069-4236-a191-063d63c80c90.jpg",
      "../../src/assets/동물사진/bfb51429-7661-4e22-9e74-5886f8b3ebca.jpg"
    ],
    "euthanasiaDate": "2024-12-05T15:00:00",
    "noticeContent": "◉품종 : 믹스견\n◉털색 : 검정색과 흰색\n◉체중 : 5kg\n◉나이 : 2세\n◉발견장소 : 경기 안양시\n◉특징 : 똑똑하고 활동적인 성격",
    "noticeCreatedAt": "2024-11-03T19:00:00",
    "noticeUpdatedAt": "2024-11-03T19:30:00",
    "impossibleReason": "안락사",
    "adoptionAuthor": "관리자"
  },
  {
    "noticeUid": "cfe674c4-99c5-459b-b14d-d31352bc28c1",
    "noticeCategory": "CAT",
    "noticeTitle": "6개월/믹스묘/성격 좋음",
    "noticeViewCount": 320,
    "animalType": "믹스묘",
    "adoptState": "ADOPTABLE",
    "announcementNum": "2024-73258",
    "uniqueNum": 441560202401001,
    "noticeImgUrl": [
      "../../src/assets/동물사진/983020d0-42fe-47a9-a41d-01e879fa281b.jpg",
      "../../src/assets/동물사진/a880b794-2913-4972-b2cf-c12cd6fbff9b.jpg",
      "../../src/assets/동물사진/da0d3bbb-965c-4ed3-9a4a-17ffa4235d09.jpg",
      "../../src/assets/동물사진/de4e6ab5-8d17-4fd2-8c22-9141b3e2410b.jpg"
    ],
    "euthanasiaDate": "2025-06-30T12:00:00",
    "noticeContent": "◉품종 : 믹스묘\n◉털색 : 회색\n◉체중 : 3.2kg\n◉나이 : 6개월\n◉발견장소 : 서울시 강남구\n◉특징 : 성격 좋고 사람을 좋아함\n\n",
    "noticeCreatedAt": "2024-12-01T10:00:00",
    "noticeUpdatedAt": "2024-12-02T12:00:00",
    "impossibleReason": "NULL",
    "adoptionAuthor": "관리자"
  },
  {
    "noticeUid": "f7b18a69-20b9-4d88-b040-d4ab5e689779",
    "noticeCategory": "CAT",
    "noticeTitle": "1세/믹스묘/애교 많음",
    "noticeViewCount": 150,
    "animalType": "믹스묘",
    "adoptState": "ADOPTABLE",
    "announcementNum": "2024-50721",
    "uniqueNum": 441560202401002,
    "noticeImgUrl": [
      "../../src/assets/동물사진/4fff43f4-3246-4a4c-add5-ba137c006a2b.jpg",
      "../../src/assets/동물사진/1688f69a-c322-4fc9-896f-e0ae7057d68e.jpg",
      "../../src/assets/동물사진/62462d62-c75b-45e6-aff1-dffb62631290.jpg",
      "../../src/assets/동물사진/b16937f8-b5bc-414f-ae4f-1a57c57f4e6c.jpg"
    ],
    "euthanasiaDate": "2025-07-01T12:00:00",
    "noticeContent": "◉품종 : 믹스묘\n◉털색 : 흰색과 갈색\n◉체중 : 4.0kg\n◉나이 : 1세\n◉발견장소 : 부산시 해운대구\n◉특징 : 애교가 많고 사람과 잘 어울림",
    "noticeCreatedAt": "2024-12-01T11:00:00",
    "noticeUpdatedAt": "2024-12-02T13:00:00",
    "impossibleReason": "NULL",
    "adoptionAuthor": "관리자"
  },
  {
    "noticeUid": "742dc78c-2b3a-4e9d-bd8f-7c77bcb27c68",
    "noticeCategory": "CAT",
    "noticeTitle": "10개월/믹스묘/내성적",
    "noticeViewCount": 420,
    "animalType": "믹스묘",
    "adoptState": "ADOPTABLE",
    "announcementNum": "2024-90517",
    "uniqueNum": 441560202401003,
    "noticeImgUrl": [
      "../../src/assets/동물사진/057670cc-b9d3-4749-ba5f-c711a6d3e972.jpg",
      "../../src/assets/동물사진/a208d815-32a4-4256-a652-174877958723.jpg",
      "../../src/assets/동물사진/c17778ac-9a12-47d8-a8b8-3da5121ec063.jpg",
      "../../src/assets/동물사진/f9a37c1c-202a-4d06-afc7-a8e1daacec53.jpg"
    ],
    "euthanasiaDate": "2025-08-15T12:00:00",
    "noticeContent": "◉품종 : 믹스묘\n◉털색 : 검정색\n◉체중 : 4.5kg\n◉나이 : 10개월\n◉발견장소 : 경기도 성남시\n◉특징 : 내성적인 성격, 조용한 환경에서 잘 지냄",
    "noticeCreatedAt": "2024-12-01T12:00:00",
    "noticeUpdatedAt": "2024-12-02T14:00:00",
    "impossibleReason": "NULL",
    "adoptionAuthor": "관리자"
  },
  {
    "noticeUid": "f73d73b3-cd3c-40a1-88a1-d0a138f8b395",
    "noticeCategory": "CAT",
    "noticeTitle": "5세/믹스묘/친화력 좋음",
    "noticeViewCount": 650,
    "animalType": "믹스묘",
    "adoptState": "RESERVATION",
    "announcementNum": "2024-84502",
    "uniqueNum": 441560202401004,
    "noticeImgUrl": [
      "../../src/assets/동물사진/6f18f00a-d092-4cf7-a0e1-19ae9a74579f.jpg",
      "../../src/assets/동물사진/d4a2b3e6-093b-4544-9482-32abd2dd834c.jpg",
      "../../src/assets/동물사진/e5869e9b-e16e-49c1-b550-b4b83fb69c03.jpg",
      "../../src/assets/동물사진/f3db913a-5405-4235-9ddb-21786d002707.jpg"
    ],
    "euthanasiaDate": "2025-09-01T12:00:00",
    "noticeContent": "◉품종 : 믹스묘\n◉털색 : 갈색과 흰색\n◉체중 : 5.0kg\n◉나이 : 5세\n◉발견장소 : 대전광역시\n◉특징 : 친화력이 뛰어나며 가족과 잘 어울림",
    "noticeCreatedAt": "2024-12-01T13:00:00",
    "noticeUpdatedAt": "2024-12-02T15:00:00",
    "impossibleReason": "NULL",
    "adoptionAuthor": "관리자"
  },
  {
    "noticeUid": "e2ba0d9b-b4da-4168-95a4-6e49c90ed0f9",
    "noticeCategory": "CAT",
    "noticeTitle": "1세/믹스묘/활발함",
    "noticeViewCount": 900,
    "animalType": "믹스묘",
    "adoptState": "ADOPTABLE",
    "announcementNum": "2024-39461",
    "uniqueNum": 441560202401005,
    "noticeImgUrl": [
      "../../src/assets/동물사진/3a73407b-7216-4e45-84c1-535772da0028.jpg",
      "../../src/assets/동물사진/4d8bcb04-81d8-4783-b1b9-6d92b8286a97.jpg",
      "../../src/assets/동물사진/b909e165-17a8-4f71-9125-8398a3493464.jpg",
      "../../src/assets/동물사진/c8110730-b4d8-4cfa-b120-cf599d454390.jpg"
    ],
    "euthanasiaDate": "2025-10-15T12:00:00",
    "noticeContent": "◉품종 : 믹스묘\n◉털색 : 노란색\n◉체중 : 3.8kg\n◉나이 : 1세\n◉발견장소 : 인천시 남동구\n◉특징 : 활발하고 에너지가 넘침, 활동적인 가정을 찾음",
    "noticeCreatedAt": "2024-12-01T14:00:00",
    "noticeUpdatedAt": "2024-12-02T16:00:00",
    "impossibleReason": "NULL",
    "adoptionAuthor": "관리자"
  },
  {
    "noticeUid": "872b6ad3-6887-4875-b4f3-66fa58c1a736",
    "noticeCategory": "CAT",
    "noticeTitle": "6세/믹스묘/조용함",
    "noticeViewCount": 110,
    "animalType": "믹스묘",
    "adoptState": "ADOPTABLE",
    "announcementNum": "2024-61230",
    "uniqueNum": 441560202401006,
    "noticeImgUrl": [
      "../../src/assets/동물사진/2f7f400c-09d3-4f19-ada8-5bb7d71cc7da.jpg",
      "../../src/assets/동물사진/14894190-e422-4761-943a-1dce77bed301.jpg",
      "../../src/assets/동물사진/ac095816-258d-4036-ad4e-498397910179.jpg",
      "../../src/assets/동물사진/efceaab2-e40c-44eb-947c-d2aeac082749.jpg"
    ],
    "euthanasiaDate": "2025-11-01T12:00:00",
    "noticeContent": "◉품종 : 믹스묘\n◉털색 : 회색\n◉체중 : 5.0kg\n◉나이 : 6세\n◉발견장소 : 서울시 강북구\n◉특징 : 조용한 성격, 혼자 있는 시간을 좋아함",
    "noticeCreatedAt": "2024-12-01T15:00:00",
    "noticeUpdatedAt": "2024-12-02T17:00:00",
    "impossibleReason": "NULL",
    "adoptionAuthor": "관리자"
  },
  {
    "noticeUid": "2f51edfe-490b-4160-a755-fcd1b7b92863",
    "noticeCategory": "CAT",
    "noticeTitle": "3세/믹스묘/온순함",
    "noticeViewCount": 300,
    "animalType": "믹스묘",
    "adoptState": "RESERVATION",
    "announcementNum": "2024-89742",
    "uniqueNum": 441560202401007,
    "noticeImgUrl": [
      "../../src/assets/동물사진/9aa3bc9d-3f75-4852-9edf-908b61eb510d.jpg",
      "../../src/assets/동물사진/40941c8d-168c-4e07-8c06-df8f3b0945e2.jpg",
      "../../src/assets/동물사진/a4b6ce90-3a3a-4b6f-afa5-996b365f5f15.jpg",
      "../../src/assets/동물사진/a800db76-d095-4065-9077-2b47bbc2f393.jpg"
    ],
    "euthanasiaDate": "2025-12-01T12:00:00",
    "noticeContent": "◉품종 : 믹스묘\n◉털색 : 흰색과 회색\n◉체중 : 4.0kg\n◉나이 : 3세\n◉발견장소 : 경기도 용인시\n◉특징 : 온순한 성격, 다른 동물과 잘 지냄",
    "noticeCreatedAt": "2024-12-01T16:00:00",
    "noticeUpdatedAt": "2024-12-02T18:00:00",
    "impossibleReason": "NULL",
    "adoptionAuthor": "관리자"
  },
  {
    "noticeUid": "b1e240e7-50a3-4424-b31e-68d858340232",
    "noticeCategory": "CAT",
    "noticeTitle": "4세/믹스묘/사람 좋아함",
    "noticeViewCount": 550,
    "animalType": "믹스묘",
    "adoptState": "ADOPTABLE",
    "announcementNum": "2024-20358",
    "uniqueNum": 441560202401008,
    "noticeImgUrl": [
      "../../src/assets/동물사진/58f0c7c6-f02b-40c4-8e18-b59b963c36a8.jpg",
      "../../src/assets/동물사진/4234b133-71a5-461c-8b30-5ed7d6b2b4cf.jpg",
      "../../src/assets/동물사진/baf71a8a-2e66-4663-8564-de2738bd23f2.jpg",
      "../../src/assets/동물사진/f4d929ba-243e-4c43-9bef-f0cc69d231a0.jpg"
    ],
    "euthanasiaDate": "2025-12-15T12:00:00",
    "noticeContent": "◉품종 : 믹스묘\n◉털색 : 갈색과 흰색\n◉체중 : 4.5kg\n◉나이 : 4세\n◉발견장소 : 대전광역시\n◉특징 : 사람을 좋아하며 다른 동물들과도 잘 지냄",
    "noticeCreatedAt": "2024-12-01T17:00:00",
    "noticeUpdatedAt": "2024-12-02T19:00:00",
    "impossibleReason": "NULL",
    "adoptionAuthor": "관리자"
  },
  {
    "noticeUid": "f04eecba-92b1-4c2c-b7ac-0b51264f32d5",
    "noticeCategory": "CAT",
    "noticeTitle": "2세/믹스묘/조용하고 친근함",
    "noticeViewCount": 230,
    "animalType": "믹스묘",
    "adoptState": "ADOPTABLE",
    "announcementNum": "2024-68019",
    "uniqueNum": 441560202401009,
    "noticeImgUrl": [
      "../../src/assets/동물사진/062c12ef-b0b6-4a60-8b5d-efde57d335bf.jpg",
      "../../src/assets/동물사진/c2bd593d-4325-4ca1-9bfb-bb50c54797d0.jpg",
      "../../src/assets/동물사진/c98d80a0-f30f-47fc-bd44-c8e1401db321.jpg",
      "../../src/assets/동물사진/f1ad27dc-86f8-4733-b3a8-5170a2d78c4d.jpg"
    ],
    "euthanasiaDate": "2025-01-20T12:00:00",
    "noticeContent": "◉품종 : 믹스묘\n◉털색 : 노란색\n◉체중 : 3.5kg\n◉나이 : 2세\n◉발견장소 : 인천시 미추홀구\n◉특징 : 조용하고 친근한 성격, 입양 가능",
    "noticeCreatedAt": "2024-12-01T18:00:00",
    "noticeUpdatedAt": "2024-12-02T20:00:00",
    "impossibleReason": "NULL",
    "adoptionAuthor": "관리자"
  },
  {
    "noticeUid": "bbf9c9ed-f5d4-4609-b1e7-7752dfd3772f",
    "noticeCategory": "CAT",
    "noticeTitle": "5세/믹스묘/느긋함",
    "noticeViewCount": 120,
    "animalType": "믹스묘",
    "adoptState": "ADOPTABLE",
    "announcementNum": "2024-41307",
    "uniqueNum": 441560202401010,
    "noticeImgUrl": [
      "../../src/assets/동물사진/3a25a6eb-e9f3-4784-a7d6-d9a6ac16e68d.jpg",
      "../../src/assets/동물사진/9ee4c672-dbf5-4c18-b180-0cc19dadd337.jpg",
      "../../src/assets/동물사진/12fe2fdb-1393-4a46-af96-df592c2dcb88.jpg",
      "../../src/assets/동물사진/56f11dab-03a9-47e1-a21e-f6fb7aed0459.jpg"
    ],
    "euthanasiaDate": "2025-02-28T12:00:00",
    "noticeContent": "◉품종 : 믹스묘\n◉털색 : 검정색과 흰색\n◉체중 : 5.2kg\n◉나이 : 5세\n◉발견장소 : 서울시 관악구\n◉특징 : 느긋한 성격, 조용한 환경에서 잘 지냄\n\n",
    "noticeCreatedAt": "2024-12-02T09:00:00",
    "noticeUpdatedAt": "2024-12-02T10:00:00",
    "impossibleReason": "NULL",
    "adoptionAuthor": "관리자"
  },
  {
    "noticeUid": "7f429b76-1956-40fc-a5ab-d5752352f1bc",
    "noticeCategory": "CAT",
    "noticeTitle": "3세/믹스묘/장난꾸러기",
    "noticeViewCount": 540,
    "animalType": "믹스묘",
    "adoptState": "ADOPTABLE",
    "announcementNum": "2024-59874",
    "uniqueNum": 441560202401011,
    "noticeImgUrl": [
      "../../src/assets/동물사진/255f8fce-0d6c-40aa-bb7d-ed1bf64ad0cc.jpg",
      "../../src/assets/동물사진/661a0d66-0385-4587-bb33-b3162fe34309.jpg",
      "../../src/assets/동물사진/cba0d5a7-fe6e-4366-89e8-c055db4c5ab4.jpg",
      "../../src/assets/동물사진/d721f605-9f1d-49c8-913a-7e0154c4a58a.jpg"
    ],
    "euthanasiaDate": "2025-03-10T12:00:00",
    "noticeContent": "◉품종 : 믹스묘\n◉털색 : 회색과 흰색\n◉체중 : 4.1kg\n◉나이 : 3세\n◉발견장소 : 서울시 강동구\n◉특징 : 장난꾸러기 성격, 활동적인 가정에 적합\n",
    "noticeCreatedAt": "2024-12-02T10:00:00",
    "noticeUpdatedAt": "2024-12-02T11:00:00",
    "impossibleReason": "NULL",
    "adoptionAuthor": "관리자"
  },
  {
    "noticeUid": "65bc3a8c-25db-4066-81de-82543b1b905e",
    "noticeCategory": "CAT",
    "noticeTitle": "2세/믹스묘/조용하고 침착함",
    "noticeViewCount": 670,
    "animalType": "믹스묘",
    "adoptState": "ADOPTABLE",
    "announcementNum": "2024-92184",
    "uniqueNum": 441560202401012,
    "noticeImgUrl": [
      "../../src/assets/동물사진/8b83e579-574c-45f6-826d-014a46e43a8c.jpg",
      "../../src/assets/동물사진/13a988a5-532f-4a3f-8250-fee1e30ca1f8.jpg",
      "../../src/assets/동물사진/a0f34650-eb9d-4633-ad10-79ae079a5da0.jpg",
      "../../src/assets/동물사진/d85d0e95-b17b-4ae3-b223-a1e8364a2a80.jpg"
    ],
    "euthanasiaDate": "2025-04-05T12:00:00",
    "noticeContent": "◉품종 : 믹스묘\n◉털색 : 흰색과 검정색\n◉체중 : 3.3kg\n◉나이 : 2세\n◉발견장소 : 경기도 수원시\n◉특징 : 조용하고 침착한 성격, 사람과 잘 지냄",
    "noticeCreatedAt": "2024-12-02T11:00:00",
    "noticeUpdatedAt": "2024-12-02T12:00:00",
    "impossibleReason": "NULL",
    "adoptionAuthor": "관리자"
  },
  {
    "noticeUid": "85a64eeb-b0fe-44a4-b438-6743ff3c5d16",
    "noticeCategory": "CAT",
    "noticeTitle": "4세/믹스묘/독립적",
    "noticeViewCount": 230,
    "animalType": "믹스묘",
    "adoptState": "RESERVATION",
    "announcementNum": "2024-37650",
    "uniqueNum": 441560202401013,
    "noticeImgUrl": [
      "../../src/assets/동물사진/4f72fa63-02ea-4ade-a9b7-c7e8b934493f.jpg",
      "../../src/assets/동물사진/5a7f84f1-ae0e-409a-893c-178da8db66c1.jpg",
      "../../src/assets/동물사진/289321e6-9b41-4010-8970-666ccf949268.jpg",
      "../../src/assets/동물사진/887902b5-b368-4752-b78e-9a4ae1c0bcc6.jpg"
    ],
    "euthanasiaDate": "2025-04-20T12:00:00",
    "noticeContent": "◉품종 : 믹스묘\n◉털색 : 갈색과 회색\n◉체중 : 5.0kg\n◉나이 : 4세\n◉발견장소 : 부산시 해운대구\n◉특징 : 독립적인 성격, 혼자 시간을 보내는 것을 선호",
    "noticeCreatedAt": "2024-12-02T12:00:00",
    "noticeUpdatedAt": "2024-12-02T13:00:00",
    "impossibleReason": "NULL",
    "adoptionAuthor": "관리자"
  },
  {
    "noticeUid": "18903c30-855f-4f51-b7b4-69f8834a7a7e",
    "noticeCategory": "CAT",
    "noticeTitle": "2세/믹스묘/사람에게 친근함",
    "noticeViewCount": 320,
    "animalType": "믹스묘",
    "adoptState": "ADOPTABLE",
    "announcementNum": "2024-75196",
    "uniqueNum": 441560202401014,
    "noticeImgUrl": [
      "../../src/assets/동물사진/0ca4998a-fdfa-47b0-a08d-5b6b0744fa29.jpg",
      "../../src/assets/동물사진/36ff1b6a-1786-4173-94bb-bb4b5ae2edb6.jpg",
      "../../src/assets/동물사진/ae88db3b-5be7-46ad-83c8-1e382066fdd7.jpg",
      "../../src/assets/동물사진/af69bd6d-d20a-4386-af29-fa04ce9865b3.jpg"
    ],
    "euthanasiaDate": "2025-05-10T12:00:00",
    "noticeContent": "◉품종 : 믹스묘\n◉털색 : 노란색과 흰색\n◉체중 : 3.0kg\n◉나이 : 2세\n◉발견장소 : 서울시 마포구\n◉특징 : 사람에게 친근함, 아이들과 잘 지냄",
    "noticeCreatedAt": "2024-12-02T13:00:00",
    "noticeUpdatedAt": "2024-12-02T14:00:00",
    "impossibleReason": "NULL",
    "adoptionAuthor": "관리자"
  },
  {
    "noticeUid": "fc5b261f-5446-41f9-9a4e-320b42e81fef",
    "noticeCategory": "CAT",
    "noticeTitle": "3세/믹스묘/온순한 성격",
    "noticeViewCount": 480,
    "animalType": "믹스묘",
    "adoptState": "ADOPTABLE",
    "announcementNum": "2024-56742",
    "uniqueNum": 441560202401015,
    "noticeImgUrl": [
      "../../src/assets/동물사진/9f07b489-0a2a-46a7-a9b1-3231236858bd.jpg",
      "../../src/assets/동물사진/6226a030-cbf3-43ad-a248-82434b734164.jpg",
      "../../src/assets/동물사진/d34bc4c7-87ea-4a7d-a173-05474654dbf4.jpg",
      "../../src/assets/동물사진/ecdf1508-7a34-43d1-a601-9ea6507d3320.jpg"
    ],
    "euthanasiaDate": "2025-06-01T12:00:00",
    "noticeContent": "◉품종 : 믹스묘\n◉털색 : 흰색과 회색\n◉체중 : 4.0kg\n◉나이 : 3세\n◉발견장소 : 대전시 서구\n◉특징 : 온순한 성격, 가족과 잘 어울림",
    "noticeCreatedAt": "2024-12-02T14:00:00",
    "noticeUpdatedAt": "2024-12-02T15:00:00",
    "impossibleReason": "NULL",
    "adoptionAuthor": "관리자"
  },
  {
    "noticeUid": "f159537f-6ed0-46ff-b37b-d8c15d97f68f",
    "noticeCategory": "CAT",
    "noticeTitle": "1세/믹스묘/사람을 잘 따름",
    "noticeViewCount": 390,
    "animalType": "믹스묘",
    "adoptState": "ADOPTABLE",
    "announcementNum": "2024-84327",
    "uniqueNum": 441560202401016,
    "noticeImgUrl": [
      "../../src/assets/동물사진/0abee425-3559-43e0-b447-b77a6b1a66f9.jpg",
      "../../src/assets/동물사진/1a42fe54-be08-402d-9d36-3a467d652301.jpg",
      "../../src/assets/동물사진/bca82436-2e69-425e-8c9c-6de9cc4a4db3.jpg",
      "../../src/assets/동물사진/dafdfe52-f3dc-4e32-b94d-02a8dc76d82d.jpg"
    ],
    "euthanasiaDate": "2025-07-15T12:00:00",
    "noticeContent": "◉품종 : 믹스묘\n◉털색 : 검정색과 흰색\n◉체중 : 2.5kg\n◉나이 : 1세\n◉발견장소 : 서울시 송파구\n◉특징 : 사람을 잘 따름, 사랑을 많이 받고 싶어함",
    "noticeCreatedAt": "2024-12-02T15:00:00",
    "noticeUpdatedAt": "2024-12-02T16:00:00",
    "impossibleReason": "NULL",
    "adoptionAuthor": "관리자"
  },
  {
    "noticeUid": "4624d76d-9c7e-4379-93fc-6728d94383e1",
    "noticeCategory": "CAT",
    "noticeTitle": "10개월/믹스묘/활발하고 호기심 많음",
    "noticeViewCount": 620,
    "animalType": "믹스묘",
    "adoptState": "RESERVATION",
    "announcementNum": "2024-30281",
    "uniqueNum": 441560202401017,
    "noticeImgUrl": [
      "../../src/assets/동물사진/946fef62-44b7-46dc-8887-9418eb8fe393.jpg",
      "../../src/assets/동물사진/c32f1806-03a2-4262-a587-91191138b7c0.jpg",
      "../../src/assets/동물사진/dafbaa12-1c65-4037-8821-f1fea4bda230.jpg",
      "../../src/assets/동물사진/fc29c902-b55a-4b00-b4c0-d5fa09fb99c7.jpg"
    ],
    "euthanasiaDate": "2025-08-05T12:00:00",
    "noticeContent": "◉품종 : 믹스묘\n◉털색 : 갈색과 흰색\n◉체중 : 2.7kg\n◉나이 : 10개월\n◉발견장소 : 경기도 성남시\n◉특징 : 활발하고 호기심 많음, 다양한 환경에서 잘 적응",
    "noticeCreatedAt": "2024-12-02T16:00:00",
    "noticeUpdatedAt": "2024-12-02T17:00:00",
    "impossibleReason": "NULL",
    "adoptionAuthor": "관리자"
  },
  {
    "noticeUid": "d7388fbe-2519-4f56-b9e9-bfe0a5982df6",
    "noticeCategory": "CAT",
    "noticeTitle": "3세/믹스묘/상냥하고 온화함",
    "noticeViewCount": 410,
    "animalType": "믹스묘",
    "adoptState": "ADOPTABLE",
    "announcementNum": "2024-14936",
    "uniqueNum": 441560202401018,
    "noticeImgUrl": [
      "../../src/assets/동물사진/1dca5a29-8947-4ae0-9334-c0c52f168424.jpg",
      "../../src/assets/동물사진/5d1f29aa-5382-4424-afc0-a5524a6e7c74.jpg",
      "../../src/assets/동물사진/77247342-d043-4791-9abd-5ad7a3d8324f.jpg",
      "../../src/assets/동물사진/aa5610e6-d5ed-4cd0-a842-76df26d9f786.jpg"
    ],
    "euthanasiaDate": "2025-09-10T12:00:00",
    "noticeContent": "◉품종 : 믹스묘\n◉털색 : 갈색과 흰색\n◉체중 : 4.2kg\n◉나이 : 3세\n◉발견장소 : 인천시 남동구\n◉특징 : 상냥하고 온화한 성격, 가족을 찾고 있음",
    "noticeCreatedAt": "2024-12-02T17:00:00",
    "noticeUpdatedAt": "2024-12-02T18:00:00",
    "impossibleReason": "NULL",
    "adoptionAuthor": "관리자"
  },
  {
    "noticeUid": "7d25c401-3e26-477a-b7a3-5cc1f9f98263",
    "noticeCategory": "CAT",
    "noticeTitle": "3세/믹스묘/친근함",
    "noticeViewCount": 945,
    "animalType": "믹스묘",
    "adoptState": "ADOPTABLE",
    "announcementNum": "2024-50783",
    "uniqueNum": 441560202401393,
    "noticeImgUrl": [
      "../../src/assets/동물사진/78d5eaed-49fb-4560-b3c1-0722b8eb35ef.jpg",
      "../../src/assets/동물사진/b54db16a-1a73-44be-b8d7-e6bba07c7dbf.jpg",
      "../../src/assets/동물사진/b2580c87-8292-40f5-b121-91c5360ddd47.jpg",
      "../../src/assets/동물사진/e9678e80-9ca4-4b0d-a4ff-9450ea37ff56.jpg"
    ],
    "euthanasiaDate": "2025-06-15T12:00:00",
    "noticeContent": "◉품종 : 믹스묘\n\n◉털색 : 회색\n\n◉체중 : 3.5kg\n\n◉나이 : 3세\n\n◉발견장소 : 서울시 강남구\n\n◉특징 : 친근하고 사람을 좋아하는 성격",
    "noticeCreatedAt": "2024-12-03T10:00:00",
    "noticeUpdatedAt": "2024-12-03T10:05:00",
    "impossibleReason": "NULL",
    "adoptionAuthor": "관리자"
  },
  {
    "noticeUid": "1a2b3c4d-5e6f-789a-bc1d-2345f6789e10",
    "noticeCategory": "CAT",
    "noticeTitle": "1세/믹스묘/활발함",
    "noticeViewCount": 512,
    "animalType": "믹스묘",
    "adoptState": "ADOPTABLE",
    "announcementNum": "2024-76302",
    "uniqueNum": 441560202401394,
    "noticeImgUrl": [
      "../../src/assets/동물사진/74d9b12e-f85c-457c-a37b-0a31bd0d88ca.jpg",
      "../../src/assets/동물사진/db321978-6264-4cd9-a11e-ab5e2f70ffa4.jpg",
      "../../src/assets/동물사진/e5f788a5-f3c3-421f-a1ff-9436f3eabb28.jpg",
      "../../src/assets/동물사진/e015e272-7426-437a-969a-7562cbdf2eac.jpg"
    ],
    "euthanasiaDate": "2025-07-01T12:00:00",
    "noticeContent": "◉품종 : 믹스묘\n\n◉털색 : 흰색\n\n◉체중 : 2.8kg\n\n◉나이 : 1세\n\n◉발견장소 : 부산시 해운대구\n\n◉특징 : 활발하고 사람을 잘 따르는 성격",
    "noticeCreatedAt": "2024-12-03T11:00:00",
    "noticeUpdatedAt": "2024-12-03T11:05:00",
    "impossibleReason": "NULL",
    "adoptionAuthor": "관리자"
  },
  {
    "noticeUid": "56d7e890-12a3-45de-98b5-1ac234f6789b",
    "noticeCategory": "CAT",
    "noticeTitle": "2세/믹스묘/차분함",
    "noticeViewCount": 732,
    "animalType": "믹스묘",
    "adoptState": "ADOPTABLE",
    "announcementNum": "2024-29841",
    "uniqueNum": 441560202401395,
    "noticeImgUrl": [
      "../../src/assets/동물사진/14c223fe-d9e6-444f-b963-e22a3f1a986c.jpg",
      "../../src/assets/동물사진/1351058b-8aad-4d2a-8283-36cc31fc6178.jpg",
      "../../src/assets/동물사진/a3e3cddb-793f-4469-a25b-21c4b23746cb.jpg",
      "../../src/assets/동물사진/c0d59609-d807-4156-9f9a-8505514d9b65.jpg"
    ],
    "euthanasiaDate": "2025-08-01T12:00:00",
    "noticeContent": "◉품종 : 믹스묘\n\n◉털색 : 갈색\n\n◉체중 : 4.2kg\n\n◉나이 : 2세\n\n◉발견장소 : 대전광역시 서구\n\n◉특징 : 차분하고 온순한 성격",
    "noticeCreatedAt": "2024-12-03T12:00:00",
    "noticeUpdatedAt": "2024-12-03T12:10:00",
    "impossibleReason": "NULL",
    "adoptionAuthor": "관리자"
  },
  {
    "noticeUid": "94a8bc1d-2345-6789-0bc1-9fa2d123fgh1",
    "noticeCategory": "CAT",
    "noticeTitle": "5세/믹스묘/온화함",
    "noticeViewCount": 865,
    "animalType": "믹스묘",
    "adoptState": "RESERVATION",
    "announcementNum": "2024-14958",
    "uniqueNum": 441560202401396,
    "noticeImgUrl": [
      "../../src/assets/동물사진/16edae80-83d4-494d-a49f-09fadcb93dd0.jpg",
      "../../src/assets/동물사진/88d6149f-0587-4372-8356-306faec9561b.jpg",
      "../../src/assets/동물사진/3261de9f-7490-4562-bb0b-1142c1cbfa37.jpg",
      "../../src/assets/동물사진/efd49032-088d-4a04-9f1b-08ac9c42f493.jpg"
    ],
    "euthanasiaDate": "2025-09-10T12:00:00",
    "noticeContent": "◉품종 : 믹스묘\n\n◉털색 : 검정색\n\n◉체중 : 6.0kg\n\n◉나이 : 5세\n\n◉발견장소 : 경기도 수원시\n\n◉특징 : 온화하고 사람을 잘 따르는 성격",
    "noticeCreatedAt": "2024-12-03T13:00:00",
    "noticeUpdatedAt": "2024-12-03T13:05:00",
    "impossibleReason": "NULL",
    "adoptionAuthor": "관리자"
  },
  {
    "noticeUid": "5c123ab2-d5ef-4a90-8b4c-c9da6b731e8c",
    "noticeCategory": "CAT",
    "noticeTitle": "4세/믹스묘/조용함",
    "noticeViewCount": 601,
    "animalType": "믹스묘",
    "adoptState": "ADOPTABLE",
    "announcementNum": "2024-90562",
    "uniqueNum": 441560202401397,
    "noticeImgUrl": [
      "../../src/assets/동물사진/5a5e1b78-88c2-4165-85d4-24f1e8587265.jpg",
      "../../src/assets/동물사진/60bc24e4-1bbe-432a-8d19-853d03baa073.jpg",
      "../../src/assets/동물사진/cf612b3b-b044-4fed-8aa5-20a58ae5f76e.jpg",
      "../../src/assets/동물사진/f39095bb-eb01-4373-a640-f1e9a99dc0bf.jpg"
    ],
    "euthanasiaDate": "2025-05-30T12:00:00",
    "noticeContent": "◉품종 : 믹스묘\n\n◉털색 : 갈색과 흰색\n\n◉체중 : 4.0kg\n\n◉나이 : 4세\n\n◉발견장소 : 서울시 마포구\n\n◉특징 : 조용하고 사람을 좋아하는 성격",
    "noticeCreatedAt": "2024-12-03T14:00:00",
    "noticeUpdatedAt": "2024-12-03T14:10:00",
    "impossibleReason": "NULL",
    "adoptionAuthor": "관리자"
  },
  {
    "noticeUid": "58d876ab-4f1b-5d62-9e61-0cb9bca7b9f5",
    "noticeCategory": "CAT",
    "noticeTitle": "6세/믹스묘/사교적",
    "noticeViewCount": 789,
    "animalType": "믹스묘",
    "adoptState": "ADOPTABLE",
    "announcementNum": "2024-68490",
    "uniqueNum": 441560202401398,
    "noticeImgUrl": [
      "../../src/assets/동물사진/3ffb4dd7-edf1-4115-bb70-a5bc2e411a28.jpg",
      "../../src/assets/동물사진/4a06c539-88dc-4b0b-9b43-cd11ec15e7c3.jpg",
      "../../src/assets/동물사진/93212074-5f4a-412e-b17f-a7aec68dcb8d.jpg",
      "../../src/assets/동물사진/da3e0d32-6c09-4723-9813-79bb827c458c.jpg"
    ],
    "euthanasiaDate": "2025-10-20T12:00:00",
    "noticeContent": "◉품종 : 믹스묘\n\n◉털색 : 황토색\n\n◉체중 : 3.0kg\n\n◉나이 : 6세\n\n◉발견장소 : 인천광역시 부평구\n\n◉특징 : 사교적이고 사람들과 잘 어울리는 성격",
    "noticeCreatedAt": "2024-12-03T15:00:00",
    "noticeUpdatedAt": "2024-12-03T15:05:00",
    "impossibleReason": "NULL",
    "adoptionAuthor": "관리자"
  },
  {
    "noticeUid": "2b4f5c9d-1a8b-4f5e-94b1-24f5c789db76",
    "noticeCategory": "CAT",
    "noticeTitle": "4세/믹스묘/차분함",
    "noticeViewCount": 413,
    "animalType": "믹스묘",
    "adoptState": "ADOPTABLE",
    "announcementNum": "2024-25173",
    "uniqueNum": 441560202401399,
    "noticeImgUrl": [
      "../../src/assets/동물사진/4e4e6841-1d9c-4773-a75c-cbbab8927010.jpg",
      "../../src/assets/동물사진/83b89d1b-c671-4bc0-abaa-62016c5d6004.jpg",
      "../../src/assets/동물사진/a0ff907b-dfec-4a13-b9aa-2d183ad5e3c5.jpg",
      "../../src/assets/동물사진/a7c8ec13-6261-4c28-89a0-74326ac6bc12.jpg"
    ],
    "euthanasiaDate": "2025-11-05T12:00:00",
    "noticeContent": "◉품종 : 믹스묘\n\n◉털색 : 검정색\n\n◉체중 : 3.2kg\n\n◉나이 : 4세\n\n◉발견장소 : 강원도 춘천시\n\n◉특징 : 차분하고 온순한 성격",
    "noticeCreatedAt": "2024-12-03T16:00:00",
    "noticeUpdatedAt": "2024-12-03T16:05:00",
    "impossibleReason": "NULL",
    "adoptionAuthor": "관리자"
  },
  {
    "noticeUid": "9f7a1b3c-55bc-4e3e-bb26-d29054f678a3",
    "noticeCategory": "CAT",
    "noticeTitle": "1세/믹스묘/활발함",
    "noticeViewCount": 256,
    "animalType": "믹스묘",
    "adoptState": "ADOPTABLE",
    "announcementNum": "2024-57640",
    "uniqueNum": 441560202401400,
    "noticeImgUrl": [
      "../../src/assets/동물사진/94e29692-5efe-46eb-aa83-2eab5937d54c.jpg",
      "../../src/assets/동물사진/3983612d-bac8-499e-9480-b2fdaad657cc.jpg",
      "../../src/assets/동물사진/50096309-fe14-4d42-9716-631eaf56e6da.jpg",
      "../../src/assets/동물사진/f11fe92a-8a0c-4dfa-a99b-e79175d226bc.jpg"
    ],
    "euthanasiaDate": "2025-04-12T12:00:00",
    "noticeContent": "◉품종 : 믹스묘\n\n◉털색 : 흰색과 회색\n\n◉체중 : 2.4kg\n\n◉나이 : 1세\n\n◉발견장소 : 경기도 용인시\n\n◉특징 : 활발하고 사람을 좋아하는 성격",
    "noticeCreatedAt": "2024-12-03T17:00:00",
    "noticeUpdatedAt": "2024-12-03T17:05:00",
    "impossibleReason": "NULL",
    "adoptionAuthor": "관리자"
  },
  {
    "noticeUid": "54a1c2d6-d5e4-4c7f-b4d1-9b8c5a9e5422",
    "noticeCategory": "CAT",
    "noticeTitle": "3세/믹스묘/유순함",
    "noticeViewCount": 529,
    "animalType": "믹스묘",
    "adoptState": "ADOPTABLE",
    "announcementNum": "2024-39802",
    "uniqueNum": 441560202401401,
    "noticeImgUrl": [
      "../../src/assets/동물사진/971300aa-47d3-4970-93f2-bcb3150e3788.jpg",
      "../../src/assets/동물사진/a4ed3156-c70e-479b-bf93-5226654a4d2c.jpg",
      "../../src/assets/동물사진/b5e39717-5e6e-4b92-852d-491528841bc8.jpg",
      "../../src/assets/동물사진/c936fd63-6ce0-4817-9e1d-f63ac47a0210.jpg"
    ],
    "euthanasiaDate": "2025-05-18T12:00:00",
    "noticeContent": "◉품종 : 믹스묘\n\n◉털색 : 노란색과 흰색\n\n◉체중 : 5.0kg\n\n◉나이 : 3세\n\n◉발견장소 : 서울시 동대문구\n\n◉특징 : 유순하고 친근한 성격",
    "noticeCreatedAt": "2024-12-03T18:00:00",
    "noticeUpdatedAt": "2024-12-03T18:10:00",
    "impossibleReason": "NULL",
    "adoptionAuthor": "관리자"
  },
  {
    "noticeUid": "8b59c0d3-3f7a-420b-8a1d-2c6a9b8c3199",
    "noticeCategory": "CAT",
    "noticeTitle": "2세/믹스묘/온순함",
    "noticeViewCount": 710,
    "animalType": "믹스묘",
    "adoptState": "ADOPTABLE",
    "announcementNum": "2024-72061",
    "uniqueNum": 441560202401402,
    "noticeImgUrl": [
      "../../src/assets/동물사진/08a206c3-b8e1-4335-846c-9481bf7bb4d2.jpg",
      "../../src/assets/동물사진/45baccc7-9f3b-4dcb-aab1-6b0fe62d8230.jpg",
      "../../src/assets/동물사진/83ef0c52-5004-47d2-b3a6-34b6e0667b70.jpg",
      "../../src/assets/동물사진/a797070a-e54d-4401-ade5-a4d517dded6a.jpg"
    ],
    "euthanasiaDate": "2025-06-01T12:00:00",
    "noticeContent": "◉품종 : 믹스묘\n\n◉털색 : 짙은 갈색\n\n◉체중 : 7.0kg\n\n◉나이 : 2세\n\n◉발견장소 : 대구광역시 북구\n\n◉특징 : 온순하고 사람과 잘 지내는 성격",
    "noticeCreatedAt": "2024-12-03T19:00:00",
    "noticeUpdatedAt": "2024-12-03T19:05:00",
    "impossibleReason": "NULL",
    "adoptionAuthor": "관리자"
  },
  {
    "noticeUid": "1d3b4c9a-8a2b-4f9c-85d0-6d042a8bcf90",
    "noticeCategory": "CAT",
    "noticeTitle": "5세/믹스묘/사교적",
    "noticeViewCount": 381,
    "animalType": "믹스묘",
    "adoptState": "ADOPTABLE",
    "announcementNum": "2024-56392",
    "uniqueNum": 441560202401403,
    "noticeImgUrl": [
      "../../src/assets/동물사진/5e669b66-49a9-4c92-8f9c-def59417eb54.jpg",
      "../../src/assets/동물사진/0012640a-1fdb-42d3-85af-a764292d1817.jpg",
      "../../src/assets/동물사진/a183be4b-b985-4ae1-9c7d-9bbbe954c595.jpg",
      "../../src/assets/동물사진/e5f2b629-3f06-4861-9a42-ed722da7af3e.jpg"
    ],
    "euthanasiaDate": "2025-09-15T12:00:00",
    "noticeContent": "◉품종 : 믹스묘\n\n◉털색 : 황금색\n\n◉체중 : 4.5kg\n\n◉나이 : 5세\n\n◉발견장소 : 전라남도 여수시\n\n◉특징 : 사교적이고 사람과 잘 지내는 성격",
    "noticeCreatedAt": "2024-12-03T20:00:00",
    "noticeUpdatedAt": "2024-12-03T20:05:00",
    "impossibleReason": "NULL",
    "adoptionAuthor": "관리자"
  },
  {
    "noticeUid": "a124b8c9-3c7e-42f5-9326-f2a619d6c82d",
    "noticeCategory": "CAT",
    "noticeTitle": "6세/믹스묘/차분함",
    "noticeViewCount": 823,
    "animalType": "믹스묘",
    "adoptState": "NOTADOPT",
    "announcementNum": "2024-18435",
    "uniqueNum": 441560202401404,
    "noticeImgUrl": [
      "../../src/assets/동물사진/6a99e5a5-09b5-41b4-b06a-df649159e1ef.jpg",
      "../../src/assets/동물사진/158c4e03-d46d-4f79-8cdb-20c7a26e778c.jpg",
      "../../src/assets/동물사진/499af4a7-db6a-44c2-b217-f7d15694764d.jpg",
      "../../src/assets/동물사진/cd4311e1-ca9c-4eeb-b155-cc416426570a.jpg"
    ],
    "euthanasiaDate": "2024-12-15T12:00:00",
    "noticeContent": "◉품종 : 믹스묘\n\n◉털색 : 베이지색\n\n◉체중 : 5.5kg\n\n◉나이 : 6세\n\n◉발견장소 : 서울시 서초구\n\n◉특징 : 차분하고 온화한 성격",
    "noticeCreatedAt": "2024-11-05T21:00:00",
    "noticeUpdatedAt": "2024-11-05T21:05:00",
    "impossibleReason": "안락사",
    "adoptionAuthor": "관리자"
  },
  {
    "noticeUid": "123e4567-e89b-12d3-a456-426614174000",
    "noticeCategory": "OTHERS",
    "noticeTitle": "3세/고슴도치/성격 좋음",
    "noticeViewCount": 325,
    "animalType": "스탠다드",
    "adoptState": "ADOPTABLE",
    "announcementNum": "2024-01001",
    "uniqueNum": 441560202401393,
    "noticeImgUrl": [
      "../../src/assets/동물사진/2d395303-73e0-4e8d-9c09-111fd25f4b39.jpg",
      "../../src/assets/동물사진/007eb978-b258-444a-a5b2-dcab50e11d6e.jpg",
      "../../src/assets/동물사진/62f27af2-0442-4534-88e0-614a6fe2664f.jpg",
      "../../src/assets/동물사진/d40624d9-ab3d-4424-a8cb-0c4040176ed7.jpg"
    ],
    "euthanasiaDate": "2025-03-15T10:00:00",
    "noticeContent": "◉품종 : 아프리카 고슴도치\n\n◉피부색 : 회색\n\n◉체중 : 250g\n\n◉나이 : 3세\n\n◉발견장소 : 서울 강남구\n\n◉특징 : 성격 온순하고 친근함",
    "noticeCreatedAt": "2024-12-01T08:00:00",
    "noticeUpdatedAt": "2024-12-02T10:00:00",
    "impossibleReason": "NULL",
    "adoptionAuthor": "관리자"
  },
  {
    "noticeUid": "987e6543-a21b-34d5-c678-426614174001",
    "noticeCategory": "OTHERS",
    "noticeTitle": "2세/고슴도치/활발한 성격",
    "noticeViewCount": 158,
    "animalType": "스탠다드",
    "adoptState": "RESERVATION",
    "announcementNum": "2024-01002",
    "uniqueNum": 441560202401394,
    "noticeImgUrl": [
      "../../src/assets/동물사진/47a3c84d-9a4e-4df4-a11f-8d3da4aa4a51.jpg",
      "../../src/assets/동물사진/866baa07-f97c-41b5-b749-b90f7fdeb8ba.jpg",
      "../../src/assets/동물사진/ced97296-eecc-4e20-8218-229b52a9e89f.jpg",
      "../../src/assets/동물사진/e0632593-09cf-4e25-8fb4-4c202f3beb1f.jpg"
    ],
    "euthanasiaDate": "2025-05-10T14:30:00",
    "noticeContent": "◉품종 : 겨울 화이트 고슴도치\n\n◉피부색 : 회색\n\n◉체중 : 300g\n\n◉나이 : 2세\n\n◉발견장소 : 경기 수원시\n\n◉특징 : 활발하고 친근한 성격, 사람을 잘 따름",
    "noticeCreatedAt": "2024-12-02T09:30:00",
    "noticeUpdatedAt": "2024-12-03T11:00:00",
    "impossibleReason": "NULL",
    "adoptionAuthor": "관리자"
  },
  {
    "noticeUid": "123e4567-e89b-12d3-a456-426614174000",
    "noticeCategory": "OTHERS",
    "noticeTitle": "3세/거북이/성격 온순",
    "noticeViewCount": 250,
    "animalType": "붉은귀 거북",
    "adoptState": "ADOPTABLE",
    "announcementNum": "2024-01001",
    "uniqueNum": 441560202401393,
    "noticeImgUrl": [
      "../../src/assets/동물사진/7add8046-09e9-4c3a-8d6e-f31d98c83823.jpg",
      "../../src/assets/동물사진/2544b18b-8433-47dc-a4dc-d2e2e6f92931.jpg",
      "../../src/assets/동물사진/a5917876-1f44-439b-8a8a-41278fa3b831.jpg",
      "../../src/assets/동물사진/ee6a1397-8110-44ff-890b-e4193e3abcaa.jpg"
    ],
    "euthanasiaDate": "2025-04-20T15:00:00",
    "noticeContent": "◉품종 : 붉은귀거북\n\n◉몸색 : 초록색\n\n◉체중 : 500g\n\n◉나이 : 3세\n\n◉발견장소 : 부산 해운대\n\n◉특징 : 온순하고 사람을 잘 따름",
    "noticeCreatedAt": "2024-12-01T09:00:00",
    "noticeUpdatedAt": "2024-12-02T11:00:00",
    "impossibleReason": "NULL",
    "adoptionAuthor": "관리자"
  },
  {
    "noticeUid": "987e6543-a21b-34d5-c678-426614174001",
    "noticeCategory": "OTHERS",
    "noticeTitle": "4세/거북이/활발한 성격",
    "noticeViewCount": 180,
    "animalType": "술카타 거북",
    "adoptState": "RESERVATION",
    "announcementNum": "2024-01002",
    "uniqueNum": 441560202401394,
    "noticeImgUrl": [
      "../../src/assets/동물사진/64fe5b6a-82a0-4701-8424-39746b17da59.jpg",
      "../../src/assets/동물사진/43980b27-7433-4545-bc30-5d01f3e33c0b.jpg",
      "../../src/assets/동물사진/fa7cfeac-7cc9-474d-b2fc-e5d5a6fc71b7.jpg",
      "../../src/assets/동물사진/fa14141a-90ea-48e0-a554-5b29572ae927.jpg"
    ],
    "euthanasiaDate": "2025-06-10T12:00:00",
    "noticeContent": "◉품종 : 술카타 거북\n\n◉몸색 : 노란색과 갈색 혼합\n\n◉체중 : 3kg\n\n◉나이 : 4세\n\n◉발견장소 : 제주도 서귀포\n\n◉특징 : 매우 활발하고 사교적임, 큰 크기",
    "noticeCreatedAt": "2024-12-03T08:30:00",
    "noticeUpdatedAt": "2024-12-04T09:00:00",
    "impossibleReason": "NULL",
    "adoptionAuthor": "관리자"
  },
  {
    "noticeUid": "123e4567-e89b-12d3-a456-426614174000",
    "noticeCategory": "OTHERS",
    "noticeTitle": "2세/다람쥐/성격 활발",
    "noticeViewCount": 420,
    "animalType": "동부 회색 다람쥐",
    "adoptState": "ADOPTABLE",
    "announcementNum": "2024-01001",
    "uniqueNum": 441560202401393,
    "noticeImgUrl": [
      "../../src/assets/동물사진/05b50860-a076-4559-8201-25e2c7e52881.jpg",
      "../../src/assets/동물사진/7a0efc54-ca64-403e-a24a-277b7888702a.jpg",
      "../../src/assets/동물사진/6212e9e3-fe01-472d-a820-af2fa2c7335d.jpg",
      "../../src/assets/동물사진/48254b95-726e-452d-ab36-12474893851e.jpg"
    ],
    "euthanasiaDate": "2025-03-15T10:00:00",
    "noticeContent": "◉품종 : 동부 회색 다람쥐\n\n◉몸색 : 회색과 갈색 혼합\n\n◉체중 : 400g\n\n◉나이 : 2세\n\n◉발견장소 : 서울 강북구\n\n◉특징 : 활발하고 사람을 잘 따름",
    "noticeCreatedAt": "2024-12-01T08:00:00",
    "noticeUpdatedAt": "2024-12-02T10:00:00",
    "impossibleReason": "NULL",
    "adoptionAuthor": "관리자"
  },
  {
    "noticeUid": "987e6543-a21b-34d5-c678-426614174001",
    "noticeCategory": "OTHERS",
    "noticeTitle": "1세/다람쥐/성격 소심",
    "noticeViewCount": 300,
    "animalType": "여우 다람쥐",
    "adoptState": "RESERVATION",
    "announcementNum": "2024-01002",
    "uniqueNum": 441560202401394,
    "noticeImgUrl": [
      "../../src/assets/동물사진/9a32a96d-e034-4e77-a0e9-7ae9a27d57d9.jpg",
      "../../src/assets/동물사진/46c6119c-d5f9-4fdb-9030-f67a203969ad.jpg",
      "../../src/assets/동물사진/44330078-6bab-4fab-8082-44e8a005ccaf.jpg",
      "../../src/assets/동물사진/fc9b22bb-00da-4a17-b8ae-c1e67b5c24a0.jpg"
    ],
    "euthanasiaDate": "2025-06-10T14:30:00",
    "noticeContent": "◉품종 : 여우 다람쥐\n\n◉몸색 : 오렌지와 갈색 혼합\n\n◉체중 : 350g\n\n◉나이 : 1세\n\n◉발견장소 : 경기도 고양시\n\n◉특징 : 소심하고 조용하지만 사람을 피하지 않음",
    "noticeCreatedAt": "2024-12-02T09:30:00",
    "noticeUpdatedAt": "2024-12-03T11:00:00",
    "impossibleReason": "NULL",
    "adoptionAuthor": "관리자"
  },
  {
    "noticeUid": "d1234567-e89b-12d3-a456-426614174000",
    "noticeCategory": "OTHERS",
    "noticeTitle": "2세/돼지/성격 순한",
    "noticeViewCount": 150,
    "animalType": "베트남식 통통돼지",
    "adoptState": "ADOPTABLE",
    "announcementNum": "2024-01001",
    "uniqueNum": 441560202401395,
    "noticeImgUrl": [
      "../../src/assets/동물사진/0b8ff979-8746-46c3-842a-5cf289479c88.jpg",
      "../../src/assets/동물사진/6a06cf84-0438-44df-bdf8-26371023d0e5.jpg",
      "../../src/assets/동물사진/a22a195f-9b44-4dc8-bd66-3de12a5a2a87.jpg",
      "../../src/assets/동물사진/e4605cd5-a3c0-43ea-b65e-49aecd354737.jpg"
    ],
    "euthanasiaDate": "2025-05-01T09:00:00",
    "noticeContent": "◉품종 : 베트남식 통통돼지\n\n◉몸색 : 검은색\n\n◉체중 : 25kg\n\n◉나이 : 2세\n\n◉발견장소 : 서울 성동구\n\n◉특징 : 순하고 사람을 잘 따름",
    "noticeCreatedAt": "2024-12-01T10:00:00",
    "noticeUpdatedAt": "2024-12-02T11:00:00",
    "impossibleReason": "NULL",
    "adoptionAuthor": "관리자"
  },
  {
    "noticeUid": "a9876543-b21b-34d5-c678-426614174001",
    "noticeCategory": "OTHERS",
    "noticeTitle": "3세/돼지/성격 호기심 많은",
    "noticeViewCount": 200,
    "animalType": "미니어처 돼지",
    "adoptState": "RESERVATION",
    "announcementNum": "2024-01002",
    "uniqueNum": 441560202401396,
    "noticeImgUrl": [
      "../../src/assets/동물사진/0a4f3f6e-2099-44c7-834c-905b02f7020b.jpg",
      "../../src/assets/동물사진/0faacf75-a73d-4d83-83bc-5477b388b39a.jpg",
      "../../src/assets/동물사진/7959a803-2219-43c9-942c-96aff28c0ef6.jpg",
      "../../src/assets/동물사진/c11f54cf-064d-4bb0-915d-e9d604562bab.jpg"
    ],
    "euthanasiaDate": "2025-06-15T14:00:00",
    "noticeContent": "◉품종 : 미니어처 돼지\n\n◉몸색 : 분홍색\n\n◉체중 : 18kg\n\n◉나이 : 3세\n\n◉발견장소 : 경기도 부천시\n\n◉특징 : 호기심이 많고 장난을 좋아함",
    "noticeCreatedAt": "2024-12-02T12:00:00",
    "noticeUpdatedAt": "2024-12-03T13:00:00",
    "impossibleReason": "NULL",
    "adoptionAuthor": "관리자"
  },
  {
    "noticeUid": "c1234567-e89b-12d3-a456-426614174000",
    "noticeCategory": "OTHERS",
    "noticeTitle": "2세/미어캣/성격 활발",
    "noticeViewCount": 300,
    "animalType": "미어캣",
    "adoptState": "ADOPTABLE",
    "announcementNum": "2024-01001",
    "uniqueNum": 441560202401397,
    "noticeImgUrl": [
      "../../src/assets/동물사진/686ed100-1bc4-45cc-bab8-968a8c9346f7.jpg",
      "../../src/assets/동물사진/5939a9b5-6ceb-4802-bcf8-afeffc1c9d4c.jpg",
      "../../src/assets/동물사진/0183582e-c73b-4b9b-9468-f681e80b0c5d.jpg",
      "../../src/assets/동물사진/8340145a-0a72-4e4c-8e5b-dfeeef21cff1.jpg"
    ],
    "euthanasiaDate": "2025-07-01T09:00:00",
    "noticeContent": "◉품종 : 미어캣\n\n◉몸색 : 갈색과 회색 혼합\n\n◉체중 : 1.5kg\n\n◉나이 : 2세\n\n◉발견장소 : 경기 하남시\n\n◉특징 : 매우 활발하고 사람을 잘 따름",
    "noticeCreatedAt": "2024-12-01T10:00:00",
    "noticeUpdatedAt": "2024-12-02T11:00:00",
    "impossibleReason": "NULL",
    "adoptionAuthor": "관리자"
  },
  {
    "noticeUid": "f9876543-b21b-34d5-c678-426614174001",
    "noticeCategory": "OTHERS",
    "noticeTitle": "3세/미어캣/성격 내성적",
    "noticeViewCount": 420,
    "animalType": "미어캣",
    "adoptState": "RESERVATION",
    "announcementNum": "2024-01002",
    "uniqueNum": 441560202401398,
    "noticeImgUrl": [
      "../../src/assets/동물사진/27ab1614-3f13-475d-934e-8c082f8f9d70.jpg",
      "../../src/assets/동물사진/47f9ed19-d519-4a7c-84d5-b52aea3c2035.jpg",
      "../../src/assets/동물사진/62dff93f-6ca5-457a-8f00-26ad465324de.jpg",
      "../../src/assets/동물사진/ac766008-8f27-487d-8c5e-7701d3cacc05.jpg"
    ],
    "euthanasiaDate": "2025-08-10T14:00:00",
    "noticeContent": "◉품종 : 미어캣\n\n◉몸색 : 황갈색\n\n◉체중 : 1.2kg\n\n◉나이 : 3세\n\n◉발견장소 : 부산 해운대구\n\n◉특징 : 내성적이고 조용하지만 사람에게 친근함",
    "noticeCreatedAt": "2024-12-02T12:00:00",
    "noticeUpdatedAt": "2024-12-03T13:00:00",
    "impossibleReason": "NULL",
    "adoptionAuthor": "관리자"
  },
  {
    "noticeUid": "d2345678-f89b-12d3-a456-426614174000",
    "noticeCategory": "OTHERS",
    "noticeTitle": "2세/부엉이/성격 온순",
    "noticeViewCount": 200,
    "animalType": "유라시아 큰 부엉이",
    "adoptState": "ADOPTABLE",
    "announcementNum": "2024-01001",
    "uniqueNum": 441560202401399,
    "noticeImgUrl": [
      "../../src/assets/동물사진/07e69e68-c412-48fa-aafa-ad294ce9416f.jpg",
      "../../src/assets/동물사진/75df8e85-0af9-4339-8ab5-5c96e2845575.jpg",
      "../../src/assets/동물사진/70473e5b-0801-48c4-8df4-1efedac6133b.jpg",
      "../../src/assets/동물사진/0658661d-4c83-4a9f-b2aa-503f638c5d18.jpg"
    ],
    "euthanasiaDate": "2025-06-01T09:00:00",
    "noticeContent": "◉품종 : 유라시아 큰 부엉이\n\n◉몸색 : 갈색과 흰색 혼합\n\n◉체중 : 1.8kg\n\n◉나이 : 2세\n\n◉발견장소 : 서울 강서구\n\n◉특징 : 온순하고 사람을 잘 따름",
    "noticeCreatedAt": "2024-12-01T10:00:00",
    "noticeUpdatedAt": "2024-12-02T11:00:00",
    "impossibleReason": "NULL",
    "adoptionAuthor": "관리자"
  },
  {
    "noticeUid": "a3456789-b21b-34d5-c678-426614174001",
    "noticeCategory": "OTHERS",
    "noticeTitle": "4세/부엉이/성격 조용함",
    "noticeViewCount": 350,
    "animalType": "큰 부엉이",
    "adoptState": "RESERVATION",
    "announcementNum": "2024-01002",
    "uniqueNum": 441560202401400,
    "noticeImgUrl": [
      "../../src/assets/동물사진/1b732330-a46c-478f-816e-a658056c044b.jpg",
      "../../src/assets/동물사진/184f2644-0925-41b0-852b-1c6cfe2d40a5.jpg",
      "../../src/assets/동물사진/764533cc-70af-4165-bf91-580c796cb20d.jpg",
      "../../src/assets/동물사진/fc5d184c-f68a-48ad-8d98-da44d81af19a.jpg"
    ],
    "euthanasiaDate": "2025-07-15T14:00:00",
    "noticeContent": "◉품종 : 큰 부엉이\n\n◉몸색 : 흰색과 검은색\n\n◉체중 : 1.5kg\n\n◉나이 : 4세\n\n◉발견장소 : 경기도 안양시\n\n◉특징 : 조용하고 차분한 성격",
    "noticeCreatedAt": "2024-12-02T12:00:00",
    "noticeUpdatedAt": "2024-12-03T13:00:00",
    "impossibleReason": "NULL",
    "adoptionAuthor": "관리자"
  },
  {
    "noticeUid": "e2345678-d89b-12d3-a456-426614174000",
    "noticeCategory": "OTHERS",
    "noticeTitle": "2세/앵무새/성격 활발",
    "noticeViewCount": 150,
    "animalType": "아마존 앵무",
    "adoptState": "ADOPTABLE",
    "announcementNum": "2024-01001",
    "uniqueNum": 441560202401401,
    "noticeImgUrl": [
      "../../src/assets/동물사진/6e715020-5cb7-4370-b367-7f8759e11d1a.jpg",
      "../../src/assets/동물사진/482c2d46-4af2-4d46-a383-58cbf4f649f0.jpg",
      "../../src/assets/동물사진/b4d8839b-a11c-430d-963e-edf022b80139.jpg",
      "../../src/assets/동물사진/e4fc75e1-172c-4f03-8cd2-10c8a582b4f7.jpg"
    ],
    "euthanasiaDate": "2025-06-10T09:00:00",
    "noticeContent": "◉품종 : 아마존 앵무\n\n◉몸색 : 초록색 바탕에 부분 빨간색과 흰색\n\n◉체중 : 0.4kg\n\n◉나이 : 2세\n\n◉발견장소 : 서울 송파구\n\n◉특징 : 매우 활발하고 사람과 잘 소통함",
    "noticeCreatedAt": "2024-12-01T10:00:00",
    "noticeUpdatedAt": "2024-12-02T11:00:00",
    "impossibleReason": "NULL",
    "adoptionAuthor": "관리자"
  },
  {
    "noticeUid": "f3456789-c21b-34d5-c678-426614174001",
    "noticeCategory": "OTHERS",
    "noticeTitle": "5세/앵무새/성격 조용함",
    "noticeViewCount": 250,
    "animalType": "유리 앵무",
    "adoptState": "RESERVATION",
    "announcementNum": "2024-01002",
    "uniqueNum": 441560202401402,
    "noticeImgUrl": [
      "../../src/assets/동물사진/4c88c227-97a7-4ca1-bad3-72a3f6bbef1b.jpg",
      "../../src/assets/동물사진/5a7c87ff-12a4-4cef-ba71-3cfd376a1fec.jpg",
      "../../src/assets/동물사진/205aace1-4ce4-4975-bae2-ce98eb6e1801.jpg",
      "../../src/assets/동물사진/dd9a9c1d-442a-4c53-ae20-90cd494b2b49.jpg"
    ],
    "euthanasiaDate": "2025-07-20T14:00:00",
    "noticeContent": "◉품종 : 유리 앵무\n\n◉몸색 : 화려한 파란색과 초록색\n\n◉체중 : 0.5kg\n\n◉나이 : 5세\n\n◉발견장소 : 부산 해운대구\n\n◉특징 : 조용하고 차분한 성격",
    "noticeCreatedAt": "2024-12-02T12:00:00",
    "noticeUpdatedAt": "2024-12-03T13:00:00",
    "impossibleReason": "NULL",
    "adoptionAuthor": "관리자"
  },
  {
    "noticeUid": "a2345678-b89d-12e3-c456-426614174001",
    "noticeCategory": "OTHERS",
    "noticeTitle": "2세/카멜레온/성격 온순",
    "noticeViewCount": 180,
    "animalType": "베일드 카멜레온",
    "adoptState": "ADOPTABLE",
    "announcementNum": "2024-01001",
    "uniqueNum": 441560202401500,
    "noticeImgUrl": [
      "../../src/assets/동물사진/1a718785-9cf5-4710-9fde-9a489020058f.jpg",
      "../../src/assets/동물사진/9e9bd8e7-2c9b-42fd-ae48-618dae2f8925.jpg",
      "../../src/assets/동물사진/0895789f-d083-4100-8e46-b70333c9a960.jpg",
      "../../src/assets/동물사진/c7af5117-f504-4f1e-a89a-ffaab0b2131e.jpg"
    ],
    "euthanasiaDate": "2025-05-10T09:00:00",
    "noticeContent": "◉품종 : 베일드 카멜레온\n\n◉몸색 : 초록색, 노란색 점\n\n◉체중 : 0.3kg\n\n◉나이 : 2세\n\n◉발견장소 : 경기도 안양시\n\n◉특징 : 온순하고 사람에게 잘 다가감",
    "noticeCreatedAt": "2024-12-01T10:00:00",
    "noticeUpdatedAt": "2024-12-02T11:00:00",
    "impossibleReason": "NULL",
    "adoptionAuthor": "관리자"
  },
  {
    "noticeUid": "b3456789-d21e-34f5-d678-426614174002",
    "noticeCategory": "OTHERS",
    "noticeTitle": "1세/카멜레온/성격 활발",
    "noticeViewCount": 220,
    "animalType": "팬서 카멜레온",
    "adoptState": "RESERVATION",
    "announcementNum": "2024-01002",
    "uniqueNum": 441560202401501,
    "noticeImgUrl": [
      "../../src/assets/동물사진/2eb5b6cd-8217-4460-81c4-e1d39d0253b1.jpg",
      "../../src/assets/동물사진/3d7727dc-6232-42fb-bb78-ef61a5bfb301.jpg",
      "../../src/assets/동물사진/6f4f4591-6eba-452c-9dbe-151e5e8ee5ee.jpg",
      "../../src/assets/동물사진/32378a55-2559-43d6-be80-c0f1d15b0b89.jpg"
    ],
    "euthanasiaDate": "2025-07-15T14:00:00",
    "noticeContent": "◉품종 : 팬서 카멜레온\n\n◉몸색 : 화려한 파란색, 주황색\n\n◉체중 : 0.2kg\n\n◉나이 : 1세\n\n◉발견장소 : 대전 유성구\n\n◉특징 : 활발하고 빠르게 움직임",
    "noticeCreatedAt": "2024-12-02T12:00:00",
    "noticeUpdatedAt": "2024-12-03T13:00:00",
    "impossibleReason": "NULL",
    "adoptionAuthor": "관리자"
  },
  {
    "noticeUid": "f2345678-b89d-12e3-c456-426614174003",
    "noticeCategory": "OTHERS",
    "noticeTitle": "2세/토끼/성격 온순",
    "noticeViewCount": 320,
    "animalType": "백색 일본종",
    "adoptState": "ADOPTABLE",
    "announcementNum": "2024-01001",
    "uniqueNum": 441560202401600,
    "noticeImgUrl": [
      "../../src/assets/동물사진/9fe95962-14ac-4fb2-9e95-bba2bfb56606.jpg",
      "../../src/assets/동물사진/52dbe504-1970-4aa8-9497-eff8b1698fab.jpg",
      "../../src/assets/동물사진/63da3e30-f1db-4bb9-a1b1-ac438411c3af.jpg",
      "../../src/assets/동물사진/70f986c7-0420-4661-9bb4-91fed3d11635.jpg"
    ],
    "euthanasiaDate": "2025-06-10T09:00:00",
    "noticeContent": "◉품종 : 백색 일본종\n\n◉몸색 : 흰색\n\n◉체중 : 1.8kg\n\n◉나이 : 2세\n\n◉발견장소 : 서울 송파구\n\n◉특징 : 온순하고 사람을 잘 따름",
    "noticeCreatedAt": "2024-12-01T10:00:00",
    "noticeUpdatedAt": "2024-12-02T11:00:00",
    "impossibleReason": "NULL",
    "adoptionAuthor": "관리자"
  },
  {
    "noticeUid": "g3456789-d21e-34f5-d678-426614174004",
    "noticeCategory": "OTHERS",
    "noticeTitle": "1세/토끼/성격 활발",
    "noticeViewCount": 250,
    "animalType": "네덜란드 드워프",
    "adoptState": "RESERVATION",
    "announcementNum": "2024-01002",
    "uniqueNum": 441560202401601,
    "noticeImgUrl": [
      "../../src/assets/동물사진/93c89285-849c-4e84-aab3-9a89ade22c06.jpg",
      "../../src/assets/동물사진/0792c43f-4b6a-473c-86b4-90c957d5d4ca.jpg",
      "../../src/assets/동물사진/2941fe02-b1fc-4010-8130-18008c64fe5b.jpg",
      "../../src/assets/동물사진/eebeb1b9-25da-4795-a690-16b9f4527af2.jpg"
    ],
    "euthanasiaDate": "2025-07-20T14:00:00",
    "noticeContent": "◉품종 : 네덜란드 드워프\n\n◉몸색 : 흰색 바탕에 회색 얼룩\n\n◉체중 : 1.5kg\n\n◉나이 : 1세\n\n◉발견장소 : 부산 해운대구\n\n◉특징 : 활발하고 장난을 좋아함",
    "noticeCreatedAt": "2024-12-02T12:00:00",
    "noticeUpdatedAt": "2024-12-03T13:00:00",
    "impossibleReason": "NULL",
    "adoptionAuthor": "관리자"
  },
  {
    "noticeUid": "a2345678-b89d-12e3-c456-426614174005",
    "noticeCategory": "OTHERS",
    "noticeTitle": "2세/패럿/성격 활발",
    "noticeViewCount": 320,
    "animalType": "쵸코렛",
    "adoptState": "ADOPTABLE",
    "announcementNum": "2024-01001",
    "uniqueNum": 441560202401602,
    "noticeImgUrl": [
      "../../src/assets/동물사진/49f53184-c4b7-4a5a-ae83-a705148ed26b.jpg",
      "../../src/assets/동물사진/51f498e6-b7e8-466c-8e02-f1180ef73195.jpg",
      "../../src/assets/동물사진/a8e3c762-0da8-418a-a702-b92699bea588.jpg",
      "../../src/assets/동물사진/a68b5be8-caa4-4ea1-b3fb-395e6b5f0fdd.jpg"
    ],
    "euthanasiaDate": "2025-06-10T09:00:00",
    "noticeContent": "◉품종 : 쵸코렛\n\n◉몸색 : 갈색\n\n◉체중 : 0.9kg\n\n◉나이 : 2세\n\n◉발견장소 : 서울 강남구\n\n◉특징 : 매우 활발하고 사람을 좋아함",
    "noticeCreatedAt": "2024-12-01T10:00:00",
    "noticeUpdatedAt": "2024-12-02T11:00:00",
    "impossibleReason": "NULL",
    "adoptionAuthor": "관리자"
  },
  {
    "noticeUid": "b3456789-d21e-34f5-d678-426614174006",
    "noticeCategory": "OTHERS",
    "noticeTitle": "1세/패럿/성격 온순",
    "noticeViewCount": 200,
    "animalType": "스탠다드",
    "adoptState": "RESERVATION",
    "announcementNum": "2024-01002",
    "uniqueNum": 441560202401603,
    "noticeImgUrl": [
      "../../src/assets/동물사진/40d356e4-a85d-45fd-b2a7-d193ebcb3abd.jpg",
      "../../src/assets/동물사진/b345a7db-44c1-4c64-9782-78177cdeceb9.jpg",
      "../../src/assets/동물사진/c1a9d0fb-845b-44fe-80bb-f3e9d95e0629.jpg",
      "../../src/assets/동물사진/e038469b-8b17-4a5a-a81f-a315c210daa3.jpg"
    ],
    "euthanasiaDate": "2025-07-20T14:00:00",
    "noticeContent": "◉품종 : 스탠다드\n\n◉몸색 : 연한 갈색\n\n◉체중 : 0.8kg\n\n◉나이 : 1세\n\n◉발견장소 : 부산 해운대구\n\n◉특징 : 온순하고 다른 동물들과 잘 지냄",
    "noticeCreatedAt": "2024-12-02T12:00:00",
    "noticeUpdatedAt": "2024-12-03T13:00:00",
    "impossibleReason": "NULL",
    "adoptionAuthor": "관리자"
  },
  {
    "noticeUid": "f1234567-b89d-12e3-c456-426614174007",
    "noticeCategory": "OTHERS",
    "noticeTitle": "1세/햄스터/성격 활발",
    "noticeViewCount": 550,
    "animalType": "시리아 햄스터",
    "adoptState": "ADOPTABLE",
    "announcementNum": "2024-01001",
    "uniqueNum": 441560202401604,
    "noticeImgUrl": [
      "../../src/assets/동물사진/81b258c5-ce5a-44de-82d0-2da1a4b6bd31.jpg",
      "../../src/assets/동물사진/9689574e-9896-49dc-a6a2-545efbc9a759.jpg",
      "../../src/assets/동물사진/9806206d-fb20-48aa-8ad6-a1ef0c624842.jpg",
      "../../src/assets/동물사진/edaa54ec-406b-463e-97b8-b80ada2cacf9.jpg"
    ],
    "euthanasiaDate": "2025-05-15T09:00:00",
    "noticeContent": "◉품종 : 시리아 햄스터\n\n◉몸색 : 흰색, 황금색\n\n◉체중 : 0.2kg\n\n◉나이 : 1세\n\n◉발견장소 : 서울 강서구\n\n◉특징 : 매우 활발하고 사람을 좋아함",
    "noticeCreatedAt": "2024-12-01T10:00:00",
    "noticeUpdatedAt": "2024-12-02T11:00:00",
    "impossibleReason": "NULL",
    "adoptionAuthor": "관리자"
  },
  {
    "noticeUid": "f2345678-c21e-34f5-d678-426614174008",
    "noticeCategory": "OTHERS",
    "noticeTitle": "2세/햄스터/성격 온순",
    "noticeViewCount": 400,
    "animalType": "시리아 햄스터",
    "adoptState": "RESERVATION",
    "announcementNum": "2024-01002",
    "uniqueNum": 441560202401605,
    "noticeImgUrl": [
      "../../src/assets/동물사진/2d9bdf22-818b-40c9-9476-3bc44414b0e7.jpg",
      "../../src/assets/동물사진/8c0ef0f6-9daf-42eb-8d6b-4320caa400b2.jpg",
      "../../src/assets/동물사진/b413e25d-b76c-41d5-9eca-ac51d01b318c.jpg",
      "../../src/assets/동물사진/ca8197b5-640e-43de-a3d0-cea407cef96b.jpg"
    ],
    "euthanasiaDate": "2025-06-10T14:00:00",
    "noticeContent": "◉품종 : 시리아 햄스터\n\n◉몸색 : 회색\n\n◉체중 : 0.15kg\n\n◉나이 : 2세\n\n◉발견장소 : 부산 해운대구\n\n◉특징 : 온순하고 다른 동물들과 잘 지냄",
    "noticeCreatedAt": "2024-12-03T12:00:00",
    "noticeUpdatedAt": "2024-12-04T13:00:00",
    "impossibleReason": "NULL",
    "adoptionAuthor": "관리자"
  }
]