[
  {
    "commentContent": "정말 인상 깊은 글이네요. 글을 읽고 많은 것을 배웠습니다!",
    "commentCreatedAt": "2024-12-04T03:30:00",
    "commentUpdatedAt": "2024-12-04T03:30:00",
    "isDeleted": false,
    "postId": "18",
    "commentAuthor": "sujin94",
    "postViewCount": 850
  },
  {
    "commentContent": "간결하면서도 핵심을 잘 전달해주셔서 감사합니다!",
    "commentCreatedAt": "2024-12-04T04:00:00",
    "commentUpdatedAt": "2024-12-04T04:00:00",
    "isDeleted": false,
    "postId": "19",
    "commentAuthor": "mike23",
    "postViewCount": 930
  },
  {
    "commentContent": "이 주제에 대해 더 많이 다뤄주셨으면 좋겠어요. 기대됩니다!",
    "commentCreatedAt": "2024-12-04T04:30:00",
    "commentUpdatedAt": "2024-12-04T04:30:00",
    "isDeleted": false,
    "postId": "20",
    "commentAuthor": "steve1980",
    "postViewCount": 760
  },
  {
    "commentContent": "잘 정리된 글 덕분에 주제를 쉽게 이해할 수 있었습니다. 고맙습니다!",
    "commentCreatedAt": "2024-12-04T05:00:00",
    "commentUpdatedAt": "2024-12-04T05:00:00",
    "isDeleted": false,
    "postId": "21",
    "commentAuthor": "alice123",
    "postViewCount": 680
  },
  {
    "commentContent": "이 주제에 대해 더 깊이 있는 논의가 있었으면 좋겠어요. 잘 읽었습니다.",
    "commentCreatedAt": "2024-12-04T05:30:00",
    "commentUpdatedAt": "2024-12-04T05:30:00",
    "isDeleted": false,
    "postId": "22",
    "commentAuthor": "jackson123",
    "postViewCount": 540
  },
  {
    "commentContent": "이 글을 읽고 나니 더 많은 정보를 알고 싶어졌어요. 감사합니다!",
    "commentCreatedAt": "2024-12-04T06:00:00",
    "commentUpdatedAt": "2024-12-04T06:00:00",
    "isDeleted": false,
    "postId": "23",
    "commentAuthor": "mike987",
    "postViewCount": 920
  },
  {
    "commentContent": "정말 유익한 글이었습니다. 글쓴이의 연구가 더 궁금하네요!",
    "commentCreatedAt": "2024-12-04T06:30:00",
    "commentUpdatedAt": "2024-12-04T06:30:00",
    "isDeleted": false,
    "postId": "24",
    "commentAuthor": "emily321",
    "postViewCount": 730
  },
  {
    "commentContent": "잘 정리된 글이라 정말 이해하기 쉬웠어요. 앞으로도 기대됩니다!",
    "commentCreatedAt": "2024-12-04T07:00:00",
    "commentUpdatedAt": "2024-12-04T07:00:00",
    "isDeleted": false,
    "postId": "25",
    "commentAuthor": "susie456",
    "postViewCount": 810
  },
  {
    "commentContent": "이 주제에 대해 다양한 관점을 배울 수 있어 좋았습니다. 감사합니다!",
    "commentCreatedAt": "2024-12-04T07:30:00",
    "commentUpdatedAt": "2024-12-04T07:30:00",
    "isDeleted": false,
    "postId": "26",
    "commentAuthor": "lily789",
    "postViewCount": 950
  },
  {
    "commentContent": "재미있고 유익한 정보 감사합니다. 추가적인 내용도 궁금하네요!",
    "commentCreatedAt": "2024-12-04T08:00:00",
    "commentUpdatedAt": "2024-12-04T08:00:00",
    "isDeleted": false,
    "postId": "27",
    "commentAuthor": "daniel234",
    "postViewCount": 780
  },
  {
    "commentContent": "이 글은 정말 유익하네요. 더 많은 정보가 궁금합니다.",
    "commentCreatedAt": "2024-12-04T08:30:00",
    "commentUpdatedAt": "2024-12-04T08:30:00",
    "isDeleted": false,
    "postId": "28",
    "commentAuthor": "lucas789",
    "postViewCount": 1020
  },
  {
    "commentContent": "상세하게 설명해주셔서 이해하기 쉬웠어요. 다음 포스트도 기대됩니다!",
    "commentCreatedAt": "2024-12-04T09:00:00",
    "commentUpdatedAt": "2024-12-04T09:00:00",
    "isDeleted": false,
    "postId": "29",
    "commentAuthor": "alex567",
    "postViewCount": 1100
  },
  {
    "commentContent": "잘 읽었습니다. 추가적인 예시나 자료도 있으면 좋겠어요.",
    "commentCreatedAt": "2024-12-04T09:30:00",
    "commentUpdatedAt": "2024-12-04T09:30:00",
    "isDeleted": false,
    "postId": "30",
    "commentAuthor": "james1123",
    "postViewCount": 980
  },
  {
    "commentContent": "주제에 대한 깊이가 있어 인상적이었습니다. 감사합니다!",
    "commentCreatedAt": "2024-12-04T10:00:00",
    "commentUpdatedAt": "2024-12-04T10:00:00",
    "isDeleted": false,
    "postId": "31",
    "commentAuthor": "sophia987",
    "postViewCount": 1150
  },
  {
    "commentContent": "이 포스트 덕분에 많은 것을 배웠습니다. 정말 감사합니다!",
    "commentCreatedAt": "2024-12-04T10:30:00",
    "commentUpdatedAt": "2024-12-04T10:30:00",
    "isDeleted": false,
    "postId": "32",
    "commentAuthor": "ella345",
    "postViewCount": 1050
  },
  {
    "commentContent": "이 글에서 다룬 주제가 매우 흥미롭네요! 더 많은 정보를 알고 싶습니다.",
    "commentCreatedAt": "2024-12-04T11:00:00",
    "commentUpdatedAt": "2024-12-04T11:00:00",
    "isDeleted": false,
    "postId": "33",
    "commentAuthor": "sophia892",
    "postViewCount": 980
  },
  {
    "commentContent": "잘 설명되어 있어서 쉽게 이해할 수 있었습니다. 감사합니다!",
    "commentCreatedAt": "2024-12-04T11:30:00",
    "commentUpdatedAt": "2024-12-04T11:30:00",
    "isDeleted": false,
    "postId": "34",
    "commentAuthor": "lucas124",
    "postViewCount": 1120
  },
  {
    "commentContent": "이 포스트 덕분에 새로운 아이디어를 얻었습니다. 유용한 정보 감사합니다!",
    "commentCreatedAt": "2024-12-04T12:00:00",
    "commentUpdatedAt": "2024-12-04T12:00:00",
    "isDeleted": false,
    "postId": "35",
    "commentAuthor": "jason547",
    "postViewCount": 1000
  },
  {
    "commentContent": "다음 글도 기대됩니다! 이렇게 유익한 정보를 제공해 주셔서 감사합니다.",
    "commentCreatedAt": "2024-12-04T12:30:00",
    "commentUpdatedAt": "2024-12-04T12:30:00",
    "isDeleted": false,
    "postId": "36",
    "commentAuthor": "emma122",
    "postViewCount": 1080
  },
  {
    "commentContent": "매우 유익한 내용이었습니다! 더 많은 팁을 알고 싶어요.",
    "commentCreatedAt": "2024-12-04T13:00:00",
    "commentUpdatedAt": "2024-12-04T13:00:00",
    "isDeleted": false,
    "postId": "37",
    "commentAuthor": "isabella823",
    "postViewCount": 960
  },
  {
    "commentContent": "정말 유용한 정보네요! 감사합니다. 다음 포스트도 기대됩니다.",
    "commentCreatedAt": "2024-12-04T13:30:00",
    "commentUpdatedAt": "2024-12-04T13:30:00",
    "isDeleted": false,
    "postId": "38",
    "commentAuthor": "sophia987",
    "postViewCount": 1200
  },
  {
    "commentContent": "이 주제에 대한 설명이 정말 잘 되어 있어요. 덕분에 쉽게 이해했어요!",
    "commentCreatedAt": "2024-12-04T14:00:00",
    "commentUpdatedAt": "2024-12-04T14:00:00",
    "isDeleted": false,
    "postId": "39",
    "commentAuthor": "lucas987",
    "postViewCount": 1100
  },
  {
    "commentContent": "굉장히 흥미로운 글입니다. 꼭 다시 읽어봐야겠어요!",
    "commentCreatedAt": "2024-12-04T14:30:00",
    "commentUpdatedAt": "2024-12-04T14:30:00",
    "isDeleted": false,
    "postId": "40",
    "commentAuthor": "james1123",
    "postViewCount": 1040
  },
  {
    "commentContent": "이 포스트를 통해 많은 것을 배웠습니다. 정말 유익했어요!",
    "commentCreatedAt": "2024-12-04T15:00:00",
    "commentUpdatedAt": "2024-12-04T15:00:00",
    "isDeleted": false,
    "postId": "41",
    "commentAuthor": "michael334",
    "postViewCount": 1150
  },
  {
    "commentContent": "간단명료한 설명이 마음에 들어요. 감사합니다!",
    "commentCreatedAt": "2024-12-04T15:30:00",
    "commentUpdatedAt": "2024-12-04T15:30:00",
    "isDeleted": false,
    "postId": "42",
    "commentAuthor": "lucas789",
    "postViewCount": 950
  },
  {
    "commentContent": "정말 유익한 글이네요! 다시 읽어보며 더 공부할 수 있을 것 같습니다.",
    "commentCreatedAt": "2024-12-04T16:00:00",
    "commentUpdatedAt": "2024-12-04T16:00:00",
    "isDeleted": false,
    "postId": "43",
    "commentAuthor": "lucas876",
    "postViewCount": 1230
  },
  {
    "commentContent": "이 주제에 대해 더 알고 싶어요. 추가적인 정보가 있으면 알려주세요.",
    "commentCreatedAt": "2024-12-04T16:30:00",
    "commentUpdatedAt": "2024-12-04T16:30:00",
    "isDeleted": false,
    "postId": "44",
    "commentAuthor": "julia567",
    "postViewCount": 1105
  },
  {
    "commentContent": "잘 정리된 글 감사합니다. 덕분에 더 쉽게 이해했어요!",
    "commentCreatedAt": "2024-12-04T17:00:00",
    "commentUpdatedAt": "2024-12-04T17:00:00",
    "isDeleted": false,
    "postId": "45",
    "commentAuthor": "mike987",
    "postViewCount": 980
  },
  {
    "commentContent": "이 글을 읽고 많은 도움이 되었습니다. 추가적인 팁도 있으면 공유해주세요!",
    "commentCreatedAt": "2024-12-04T17:30:00",
    "commentUpdatedAt": "2024-12-04T17:30:00",
    "isDeleted": false,
    "postId": "46",
    "commentAuthor": "emily999",
    "postViewCount": 1050
  },
  {
    "commentContent": "아주 잘 설명되어 있어서 이해가 쉬웠습니다. 좋은 정보 감사합니다!",
    "commentCreatedAt": "2024-12-04T18:00:00",
    "commentUpdatedAt": "2024-12-04T18:00:00",
    "isDeleted": false,
    "postId": "47",
    "commentAuthor": "alex539",
    "postViewCount": 1100
  },
  {
    "commentContent": "이 글을 통해 많은 것을 배웠습니다. 감사합니다!",
    "commentCreatedAt": "2024-12-04T18:30:00",
    "commentUpdatedAt": "2024-12-04T18:30:00",
    "isDeleted": false,
    "postId": "48",
    "commentAuthor": "sophia876",
    "postViewCount": 1450
  },
  {
    "commentContent": "이런 팁은 정말 유용합니다. 실제로 적용해보겠습니다!",
    "commentCreatedAt": "2024-12-04T19:00:00",
    "commentUpdatedAt": "2024-12-04T19:00:00",
    "isDeleted": false,
    "postId": "49",
    "commentAuthor": "alex567",
    "postViewCount": 1380
  },
  {
    "commentContent": "매우 상세하고 잘 설명된 글입니다. 앞으로도 이런 글 많이 부탁드려요.",
    "commentCreatedAt": "2024-12-04T19:30:00",
    "commentUpdatedAt": "2024-12-04T19:30:00",
    "isDeleted": false,
    "postId": "50",
    "commentAuthor": "lucas789",
    "postViewCount": 1205
  },
  {
    "commentContent": "좋은 정보 감사합니다! 더 알아보고 싶네요.",
    "commentCreatedAt": "2024-12-04T20:00:00",
    "commentUpdatedAt": "2024-12-04T20:00:00",
    "isDeleted": false,
    "postId": "51",
    "commentAuthor": "olivia543",
    "postViewCount": 1550
  },
  {
    "commentContent": "간단하면서도 유익한 정보네요. 잘 읽었습니다!",
    "commentCreatedAt": "2024-12-04T20:30:00",
    "commentUpdatedAt": "2024-12-04T20:30:00",
    "isDeleted": false,
    "postId": "52",
    "commentAuthor": "mike23",
    "postViewCount": 1100
  },
  {
    "commentContent": "이 글은 정말 유익하네요. 더 많은 팁을 부탁드립니다!",
    "commentCreatedAt": "2024-12-04T21:00:00",
    "commentUpdatedAt": "2024-12-04T21:00:00",
    "isDeleted": false,
    "postId": "53",
    "commentAuthor": "sophia987",
    "postViewCount": 1275
  },
  {
    "commentContent": "설명이 정말 깔끔하고 이해하기 쉬웠어요. 감사합니다!",
    "commentCreatedAt": "2024-12-04T21:30:00",
    "commentUpdatedAt": "2024-12-04T21:30:00",
    "isDeleted": false,
    "postId": "54",
    "commentAuthor": "lucas876",
    "postViewCount": 1120
  },
  {
    "commentContent": "좋은 정보 감사합니다! 제가 시도해봐야겠어요.",
    "commentCreatedAt": "2024-12-04T22:00:00",
    "commentUpdatedAt": "2024-12-04T22:00:00",
    "isDeleted": false,
    "postId": "55",
    "commentAuthor": "julia567",
    "postViewCount": 1455
  },
  {
    "commentContent": "이런 글이 정말 필요했어요. 덕분에 많이 배웠습니다.",
    "commentCreatedAt": "2024-12-04T22:30:00",
    "commentUpdatedAt": "2024-12-04T22:30:00",
    "isDeleted": false,
    "postId": "56",
    "commentAuthor": "emily730",
    "postViewCount": 1340
  },
  {
    "commentContent": "완전 도움이 되네요! 이렇게 쉽게 설명해주셔서 감사합니다.",
    "commentCreatedAt": "2024-12-04T23:00:00",
    "commentUpdatedAt": "2024-12-04T23:00:00",
    "isDeleted": false,
    "postId": "57",
    "commentAuthor": "alex539",
    "postViewCount": 1185
  },
  {
    "commentContent": "정말 유익한 정보네요! 바로 적용해봐야겠어요.",
    "commentCreatedAt": "2024-12-05T08:30:00",
    "commentUpdatedAt": "2024-12-05T08:30:00",
    "isDeleted": false,
    "postId": "58",
    "commentAuthor": "lucas987",
    "postViewCount": 1420
  },
  {
    "commentContent": "이 글 덕분에 많은 도움이 됐습니다. 감사합니다!",
    "commentCreatedAt": "2024-12-05T09:00:00",
    "commentUpdatedAt": "2024-12-05T09:00:00",
    "isDeleted": false,
    "postId": "59",
    "commentAuthor": "sophia876",
    "postViewCount": 980
  },
  {
    "commentContent": "해보니 정말 유용하네요! 다른 사람들에게도 추천할게요.",
    "commentCreatedAt": "2024-12-05T09:30:00",
    "commentUpdatedAt": "2024-12-05T09:30:00",
    "isDeleted": false,
    "postId": "60",
    "commentAuthor": "alex567",
    "postViewCount": 1235
  },
  {
    "commentContent": "상세한 설명 덕분에 이해하기 쉬웠어요. 감사합니다.",
    "commentCreatedAt": "2024-12-05T10:00:00",
    "commentUpdatedAt": "2024-12-05T10:00:00",
    "isDeleted": false,
    "postId": "61",
    "commentAuthor": "michael334",
    "postViewCount": 1110
  },
  {
    "commentContent": "진짜 좋은 팁이네요. 또 다른 글도 기대할게요!",
    "commentCreatedAt": "2024-12-05T10:30:00",
    "commentUpdatedAt": "2024-12-05T10:30:00",
    "isDeleted": false,
    "postId": "62",
    "commentAuthor": "emily321",
    "postViewCount": 1300
  },
  {
    "commentContent": "이 글을 보고 많은 도움이 되었어요! 공유해주셔서 감사합니다.",
    "commentCreatedAt": "2024-12-05T11:00:00",
    "commentUpdatedAt": "2024-12-05T11:00:00",
    "isDeleted": false,
    "postId": "63",
    "commentAuthor": "jackson123",
    "postViewCount": 950
  },
  {
    "commentContent": "설명이 너무 상세하고 쉽게 이해돼서 좋아요!",
    "commentCreatedAt": "2024-12-05T11:30:00",
    "commentUpdatedAt": "2024-12-05T11:30:00",
    "isDeleted": false,
    "postId": "64",
    "commentAuthor": "lucas789",
    "postViewCount": 1150
  },
  {
    "commentContent": "이 방법을 사용해서 정말 효과를 봤어요. 강력 추천합니다!",
    "commentCreatedAt": "2024-12-05T12:00:00",
    "commentUpdatedAt": "2024-12-05T12:00:00",
    "isDeleted": false,
    "postId": "65",
    "commentAuthor": "mike987",
    "postViewCount": 1020
  },
  {
    "commentContent": "좋은 정보 감사해요! 계속 이런 글 기대할게요.",
    "commentCreatedAt": "2024-12-05T12:30:00",
    "commentUpdatedAt": "2024-12-05T12:30:00",
    "isDeleted": false,
    "postId": "66",
    "commentAuthor": "olivia876",
    "postViewCount": 1100
  },
  {
    "commentContent": "정말 유익한 내용이네요. 적극적으로 활용해봐야겠어요.",
    "commentCreatedAt": "2024-12-05T13:00:00",
    "commentUpdatedAt": "2024-12-05T13:00:00",
    "isDeleted": false,
    "postId": "67",
    "commentAuthor": "daniel234",
    "postViewCount": 1250
  }
]
