[
  {
    "postUid": "c6f7e1a4-5509-4d74-8f6c-015b39b1c99f",
    "postId": 1,
    "postCategory": "FINDCHILD",
    "postTitle": "서울 강남구에서 실종된 고양이 찾습니다!",
    "postContent": "서울 강남구 역삼동에서 2024년 11월 25일, 고양이가 실종되었습니다. 고양이는 흰색과 회색이 섞인 털을 가지고 있으며, 귀가 조금 찢어져 있습니다. 목격하신 분은 연락 부탁드립니다. 연락처: 010-1234-5678",
    "postCreatedAt": "2024-11-25T14:32:00",
    "postUpdatedAt": "2024-11-25T14:32:00",
    "postImgUrl": "[]",
    "isDeleted": false,
    "deleteReason": "NULL",
    "communityAuthor": "jackson123",
    "postViewCount": 234
  },
  {
    "postUid": "a2d1e5f6-1234-4b32-8f8e-064fc6db6c3f",
    "postId": 2,
    "postCategory": "ADOPTREVIEW",
    "postTitle": "우리 강아지 입양 후 첫날 이야기",
    "postContent": "입양한 지 하루가 지났습니다! 처음에는 조금 낯설어했지만, 이제는 우리 집에서 편안하게 지내고 있어요. 너무 사랑스러운 강아지입니다. 함께한 시간들이 너무 행복해요.",
    "postCreatedAt": "2024-12-01T10:00:00",
    "postUpdatedAt": "2024-12-01T10:00:00",
    "postImgUrl": "[]",
    "isDeleted": false,
    "deleteReason": "NULL",
    "communityAuthor": "mike23",
    "postViewCount": 512
  },
  {
    "postUid": "b2f4e6a3-2311-4f9a-b6e7-b246bc758567",
    "postId": 3,
    "postCategory": "BUYANDSELL",
    "postTitle": "강아지 운동기구 판매합니다",
    "postContent": "강아지용 운동기구를 판매합니다. 상태는 아주 좋고, 거의 사용하지 않았습니다. 크기는 중형견용이며, 가격은 20만원입니다. 서울 지역에서 직거래 가능합니다. 관심 있는 분은 연락 주세요.",
    "postCreatedAt": "2024-11-28T18:20:00",
    "postUpdatedAt": "2024-11-28T18:20:00",
    "postImgUrl": "[]",
    "isDeleted": false,
    "deleteReason": "NULL",
    "communityAuthor": "alice123",
    "postViewCount": 650
  },
  {
    "postUid": "d5f3b2e1-c55a-4f68-b2c7-e19f99adf2a3",
    "postId": 4,
    "postCategory": "REPORT",
    "postTitle": "불법 주정차 차량 신고합니다",
    "postContent": "서울 마포구 일대에서 불법 주정차된 차량을 신고합니다. 교차로 앞에 주차된 차가 도로를 막고 있어 큰 불편을 겪고 있습니다. 빠른 조치를 부탁드립니다.",
    "postCreatedAt": "2024-12-02T16:45:00",
    "postUpdatedAt": "2024-12-02T16:45:00",
    "postImgUrl": "[]",
    "isDeleted": false,
    "deleteReason": "NULL",
    "communityAuthor": "mike987",
    "postViewCount": 324
  },
  {
    "postUid": "f5b6c7d3-a987-4a62-b9fc-f3f24959f78b",
    "postId": 5,
    "postCategory": "FINDCHILD",
    "postTitle": "인천 부평구에서 실종된 강아지 찾습니다",
    "postContent": "인천 부평구에서 2024년 12월 1일, 강아지가 실종되었습니다. 작은 흰색 강아지로, 목걸이에 전화번호가 적혀 있습니다. 혹시 목격한 분은 연락주세요.",
    "postCreatedAt": "2024-12-03T09:15:00",
    "postUpdatedAt": "2024-12-03T09:15:00",
    "postImgUrl": "[]",
    "isDeleted": false,
    "deleteReason": "NULL",
    "communityAuthor": "lucas987",
    "postViewCount": 121
  },
  {
    "postUid": "e4d1c0a8-7f9e-4c35-903d-e58619a3f5e4",
    "postId": 6,
    "postCategory": "BUYANDSELL",
    "postTitle": "강아지 목줄과 리드줄 세트 판매합니다",
    "postContent": "강아지 목줄과 리드줄 세트를 판매합니다. 고급 소재로 제작된 제품으로, 크기는 중형견용입니다. 상태는 매우 양호하며, 2023년 12월에 구입한 제품입니다. 가격은 15,000원이며, 직거래 가능합니다.",
    "postCreatedAt": "2024-12-03T11:20:00",
    "postUpdatedAt": "2024-12-03T11:20:00",
    "postImgUrl": "[]",
    "isDeleted": false,
    "deleteReason": "NULL",
    "communityAuthor": "sujin94",
    "postViewCount": 412
  },
  {
    "postUid": "b3e0a2c5-49c8-4e1f-b8f0-e426fb9ad8f7",
    "postId": 7,
    "postCategory": "ADOPTREVIEW",
    "postTitle": "입양한 고양이가 잘 지내고 있어요!",
    "postContent": "입양한 고양이가 이제 집에 적응해서 잘 지내고 있어요. 처음엔 낯설어했지만, 이제는 사람들과 함께 자고, 잘 먹고 잘 놀아요. 너무 행복합니다.",
    "postCreatedAt": "2024-11-30T09:45:00",
    "postUpdatedAt": "2024-11-30T09:45:00",
    "postImgUrl": "[]",
    "isDeleted": false,
    "deleteReason": "NULL",
    "communityAuthor": "steve1980",
    "postViewCount": 687
  },
  {
    "postUid": "f8a42b19-efc3-4c2e-8d60-cd8255c5c7a4",
    "postId": 8,
    "postCategory": "REPORT",
    "postTitle": "불법 촬영 의심 신고합니다",
    "postContent": "서울 강남구 한 카페에서 불법 촬영이 의심되는 상황을 목격했습니다. 카메라를 몰래 설치한 것으로 보이며, 빠른 확인과 조치를 부탁드립니다.",
    "postCreatedAt": "2024-12-02T13:30:00",
    "postUpdatedAt": "2024-12-02T13:30:00",
    "postImgUrl": "[]",
    "isDeleted": false,
    "deleteReason": "NULL",
    "communityAuthor": "lily789",
    "postViewCount": 278
  },
  {
    "postUid": "d7b6f3f4-c0f8-4507-87b7-72e7b7675a73",
    "postId": 9,
    "postCategory": "FINDCHILD",
    "postTitle": "부산 해운대구에서 실종된 고양이 찾습니다",
    "postContent": "부산 해운대구에서 2024년 12월 2일 고양이가 실종되었습니다. 흰색 고양이이며, 눈 주위에 얼룩이 있습니다. 목격하신 분은 연락 주세요.",
    "postCreatedAt": "2024-12-03T12:15:00",
    "postUpdatedAt": "2024-12-03T12:15:00",
    "postImgUrl": "[]",
    "isDeleted": false,
    "deleteReason": "NULL",
    "communityAuthor": "olivia123",
    "postViewCount": 309
  },
  {
    "postUid": "c9e1f85e-7e9b-4115-99b1-48fb9159abfe",
    "postId": 10,
    "postCategory": "BUYANDSELL",
    "postTitle": "고양이 자동 급식기 판매합니다",
    "postContent": "고양이 자동 급식기를 판매합니다. 2식사 설정 가능하며, 스마트폰으로 원격 조정이 가능합니다. 상태 매우 좋고, 2023년 11월에 구입한 제품입니다. 가격은 30,000원이며, 직거래 가능합니다.",
    "postCreatedAt": "2024-12-03T14:00:00",
    "postUpdatedAt": "2024-12-03T14:00:00",
    "postImgUrl": "[]",
    "isDeleted": false,
    "deleteReason": "NULL",
    "communityAuthor": "james1123",
    "postViewCount": 151
  },
  {
    "postUid": "c2a1f3d4-9d8b-4a2b-bfb1-3f8a0b8f4d88",
    "postId": 11,
    "postCategory": "FINDCHILD",
    "postTitle": "경기도 고양시에서 실종된 강아지 찾습니다",
    "postContent": "2024년 12월 1일 경기도 고양시에서 작은 흰색 강아지가 실종되었습니다. 눈 주위에 검은 얼룩이 있으며, 매우 친근한 성격입니다. 목격하신 분은 연락 부탁드립니다.",
    "postCreatedAt": "2024-12-03T15:30:00",
    "postUpdatedAt": "2024-12-03T15:30:00",
    "postImgUrl": "[]",
    "isDeleted": false,
    "deleteReason": "NULL",
    "communityAuthor": "lucas876",
    "postViewCount": 450
  },
  {
    "postUid": "f1c0a9b5-7691-4fe0-bf7d-738b4f3cf04a",
    "postId": 12,
    "postCategory": "ADOPTREVIEW",
    "postTitle": "입양한 아기 고양이 첫 날 후기",
    "postContent": "2024년 11월 30일에 입양한 아기 고양이가 이제 첫날을 보내고 있습니다. 처음엔 매우 수줍어했지만, 이제 조금씩 우리 집에 적응하고 있어요. 너무 사랑스러워요!",
    "postCreatedAt": "2024-12-02T17:20:00",
    "postUpdatedAt": "2024-12-02T17:20:00",
    "postImgUrl": "[]",
    "isDeleted": false,
    "deleteReason": "NULL",
    "communityAuthor": "alex567",
    "postViewCount": 312
  },
  {
    "postUid": "e4b8c3d1-1d3b-4a1e-b908-bfc062a55864",
    "postId": 13,
    "postCategory": "REPORT",
    "postTitle": "서울 종로구에서 불법 광고물 발견",
    "postContent": "서울 종로구 일대에서 불법적으로 부착된 광고물이 다수 발견되었습니다. 불법 광고물에 대한 빠른 조치를 요청드립니다. 환경 미화를 위해 확인 바랍니다.",
    "postCreatedAt": "2024-12-03T16:00:00",
    "postUpdatedAt": "2024-12-03T16:00:00",
    "postImgUrl": "[]",
    "isDeleted": false,
    "deleteReason": "NULL",
    "communityAuthor": "sophia987",
    "postViewCount": 124
  },
  {
    "postUid": "d1a7c4f8-5062-4294-b6e9-15c017b05957",
    "postId": 14,
    "postCategory": "BUYANDSELL",
    "postTitle": "강아지 사료 3종 세트 판매합니다 (건식, 습식 포함)",
    "postContent": "강아지 사료 3종 세트를 판매합니다. 건식 5kg, 습식 12캔, 특수식 3kg 모두 2023년 제조된 제품으로 상태 매우 양호합니다. 세 가지 모두 함께 판매하며, 가격은 40,000원입니다. 관심 있는 분은 연락 주세요.",
    "postCreatedAt": "2024-12-03T16:30:00",
    "postUpdatedAt": "2024-12-03T16:30:00",
    "postImgUrl": "[]",
    "isDeleted": false,
    "deleteReason": "NULL",
    "communityAuthor": "mike23",
    "postViewCount": 298
  },
  {
    "postUid": "c5b2f1e4-6c47-43f4-8be6-36f1dfe0f31b",
    "postId": 15,
    "postCategory": "FINDCHILD",
    "postTitle": "대구 수성구에서 실종된 고양이 찾습니다",
    "postContent": "2024년 11월 30일 대구 수성구에서 고양이가 실종되었습니다. 회색 털을 가진 고양이로, 발끝에 작은 흰색 반점이 있습니다. 목격하신 분은 연락 부탁드립니다.",
    "postCreatedAt": "2024-12-03T17:00:00",
    "postUpdatedAt": "2024-12-03T17:00:00",
    "postImgUrl": "[]",
    "isDeleted": false,
    "deleteReason": "NULL",
    "communityAuthor": "ella345",
    "postViewCount": 560
  },
  {
    "postUid": "a2e98f49-9dbb-4cc5-9005-1248e1d8ab12",
    "postId": 16,
    "postCategory": "BUYANDSELL",
    "postTitle": "삼성 갤럭시 S23 울트라 판매합니다",
    "postContent": "2023년 모델인 삼성 갤럭시 S23 울트라 256GB 모델을 판매합니다. 상태는 아주 좋으며, 화면 보호 필름과 케이스도 함께 드립니다. 가격은 90만원입니다.",
    "postCreatedAt": "2024-12-03T18:00:00",
    "postUpdatedAt": "2024-12-03T18:00:00",
    "postImgUrl": "[]",
    "isDeleted": true,
    "deleteReason": "관련없는 광고글 삭제",
    "communityAuthor": "jackson123",
    "postViewCount": 200
  },
  {
    "postUid": "b4d7c3a8-1bc1-4b47-8b64-7a6ef385f358",
    "postId": 17,
    "postCategory": "ADOPTREVIEW",
    "postTitle": "입양 후 첫날, 정말 행복해요",
    "postContent": "지난 주 입양한 강아지가 이제 집에 완전히 적응했어요. 너무 사랑스러워서 매일매일 행복합니다. 입양을 망설이지 말고, 사랑을 주면 그만큼 돌아옵니다.",
    "postCreatedAt": "2024-12-02T19:30:00",
    "postUpdatedAt": "2024-12-02T19:30:00",
    "postImgUrl": "[]",
    "isDeleted": false,
    "deleteReason": "NULL",
    "communityAuthor": "mike987",
    "postViewCount": 432
  },
  {
    "postUid": "f8a6d3e1-29b7-4fb7-aebf-7aefb9f39d45",
    "postId": 18,
    "postCategory": "REPORT",
    "postTitle": "불법 주정차 차량 신고합니다",
    "postContent": "서울 강동구에서 불법 주정차된 차량을 목격했습니다. 교차로 근처에 불법으로 주차된 차량이 있어 교통에 방해가 되고 있습니다. 조속히 처리 부탁드립니다.",
    "postCreatedAt": "2024-12-03T16:45:00",
    "postUpdatedAt": "2024-12-03T16:45:00",
    "postImgUrl": "[]",
    "isDeleted": false,
    "deleteReason": "NULL",
    "communityAuthor": "sophia312",
    "postViewCount": 128
  },
  {
    "postUid": "c3a0b7d9-bfad-4d9e-85d3-58f62a2f89f7",
    "postId": 19,
    "postCategory": "FINDCHILD",
    "postTitle": "서울 서초구에서 실종된 고양이 찾습니다",
    "postContent": "2024년 12월 2일, 서울 서초구에서 흰색과 회색 털을 가진 고양이가 실종되었습니다. 성격이 온순하고, 목걸이를 착용하고 있습니다. 찾으신 분은 연락 주세요.",
    "postCreatedAt": "2024-12-03T18:20:00",
    "postUpdatedAt": "2024-12-03T18:20:00",
    "postImgUrl": "[]",
    "isDeleted": false,
    "deleteReason": "NULL",
    "communityAuthor": "james1123",
    "postViewCount": 350
  },
  {
    "postUid": "d2e0c9a8-17fe-4f3b-91b7-facb63c9e1d5",
    "postId": 20,
    "postCategory": "BUYANDSELL",
    "postTitle": "고급 강아지 침대 판매합니다 (중형견용)",
    "postContent": "고급 강아지 침대를 판매합니다. 중형견용으로, 푹신한 메모리폼이 장착되어 있어 강아지가 편안하게 쉴 수 있습니다. 상태는 매우 양호하며, 사용감이 거의 없습니다. 가격은 50,000원에 판매합니다.",
    "postCreatedAt": "2024-12-03T17:30:00",
    "postUpdatedAt": "2024-12-03T17:30:00",
    "postImgUrl": "[]",
    "isDeleted": false,
    "deleteReason": "NULL",
    "communityAuthor": "alex539",
    "postViewCount": 250
  },
  {
    "postUid": "c49a7b2f-49b1-44c7-bd82-98077de228c1",
    "postId": 21,
    "postCategory": "ADOPTREVIEW",
    "postTitle": "입양한 강아지가 가족이 되기까지",
    "postContent": "입양한 강아지가 이제 집에서 너무 행복해 보입니다. 처음에는 조금 낯설어했지만, 이제는 식사 시간마다 꼬리를 흔들며 기다리고 있어요. 입양을 망설이지 마세요!",
    "postCreatedAt": "2024-12-03T19:00:00",
    "postUpdatedAt": "2024-12-03T19:00:00",
    "postImgUrl": "[]",
    "isDeleted": false,
    "deleteReason": "NULL",
    "communityAuthor": "lucas789",
    "postViewCount": 340
  },
  {
    "postUid": "d8a5c8f1-b657-4bc6-8a76-90e3409eaf60",
    "postId": 22,
    "postCategory": "BUYANDSELL",
    "postTitle": "고급 고양이 캣타워 판매합니다",
    "postContent": "고급 고양이 캣타워를 판매합니다. 여러 층으로 구성되어 있으며, 고양이가 편안하게 쉴 수 있는 공간이 많습니다. 상태 매우 양호하고, 사용감이 거의 없습니다. 가격은 45,000원입니다.",
    "postCreatedAt": "2024-12-03T19:15:00",
    "postUpdatedAt": "2024-12-03T19:15:00",
    "postImgUrl": "[]",
    "isDeleted": false,
    "deleteReason": "NULL",
    "communityAuthor": "mike23",
    "postViewCount": 210
  },
  {
    "postUid": "fbb4e25d-097f-4375-a57f-91c14cd1f96a",
    "postId": 23,
    "postCategory": "REPORT",
    "postTitle": "서울 강남구에서 불법 주차된 차량 신고",
    "postContent": "서울 강남구 테헤란로 근처에서 불법 주차된 차량을 목격했습니다. 불법 주정차로 인한 교통 혼잡이 발생하고 있어 신고합니다. 빠른 조치를 요청드립니다.",
    "postCreatedAt": "2024-12-03T19:30:00",
    "postUpdatedAt": "2024-12-03T19:30:00",
    "postImgUrl": "[]",
    "isDeleted": false,
    "deleteReason": "NULL",
    "communityAuthor": "sophia543",
    "postViewCount": 98
  },
  {
    "postUid": "a3b9d441-18c4-40a5-926b-36e205bfc8b1",
    "postId": 24,
    "postCategory": "FINDCHILD",
    "postTitle": "대전 중구에서 실종된 고양이 찾습니다",
    "postContent": "2024년 12월 2일 대전 중구에서 검은색 고양이가 실종되었습니다. 성격이 매우 온순하며, 목에 하얀색 목걸이를 착용하고 있습니다. 찾으신 분은 연락 부탁드립니다.",
    "postCreatedAt": "2024-12-03T20:00:00",
    "postUpdatedAt": "2024-12-03T20:00:00",
    "postImgUrl": "[]",
    "isDeleted": false,
    "deleteReason": "NULL",
    "communityAuthor": "ella345",
    "postViewCount": 280
  },
  {
    "postUid": "b2f3c5a1-c5db-44c4-9e79-4b83606c3456",
    "postId": 25,
    "postCategory": "BUYANDSELL",
    "postTitle": "고급 강아지 배변패드 판매합니다",
    "postContent": "고급 강아지 배변패드를 판매합니다. 한 박스에 100매 들어있으며, 흡수력이 뛰어나고 냄새 차단 기능이 탁월합니다. 상태 매우 좋고, 사용기한은 2025년 5월까지입니다. 가격은 20,000원입니다. 필요하신 분은 연락 주세요.",
    "postCreatedAt": "2024-12-03T20:15:00",
    "postUpdatedAt": "2024-12-03T20:15:00",
    "postImgUrl": "[]",
    "isDeleted": false,
    "deleteReason": "NULL",
    "communityAuthor": "jackson123",
    "postViewCount": 150
  },
  {
    "postUid": "e93b8db3-c4ae-4f2b-84fe-6a0fbbdb9283",
    "postId": 26,
    "postCategory": "FINDCHILD",
    "postTitle": "부산 해운대구에서 실종된 강아지 찾습니다",
    "postContent": "부산 해운대구에서 검은색 푸들이 실종되었습니다. 이름은 '바니'이며, 주황색 목줄을 착용하고 있습니다. 목격되신 분은 연락 부탁드립니다.",
    "postCreatedAt": "2024-12-03T20:30:00",
    "postUpdatedAt": "2024-12-03T20:30:00",
    "postImgUrl": "[]",
    "isDeleted": false,
    "deleteReason": "NULL",
    "communityAuthor": "lucas987",
    "postViewCount": 180
  },
  {
    "postUid": "f243d63c-e7fc-4d72-87b4-c76a66d5d710",
    "postId": 27,
    "postCategory": "ADOPTREVIEW",
    "postTitle": "입양한 고양이가 너무 사랑스러워요!",
    "postContent": "입양한 고양이가 집에 와서 첫날부터 너무 귀엽고 친절하게 다가왔어요. 이제는 가족처럼 함께 살고 있답니다. 입양을 망설이지 마세요!",
    "postCreatedAt": "2024-12-03T21:00:00",
    "postUpdatedAt": "2024-12-03T21:00:00",
    "postImgUrl": "[]",
    "isDeleted": false,
    "deleteReason": "NULL",
    "communityAuthor": "sophia987",
    "postViewCount": 320
  },
  {
    "postUid": "e189e2ff-dc5f-442b-a9fd-1c62cd543d73",
    "postId": 28,
    "postCategory": "BUYANDSELL",
    "postTitle": "강아지 자동 급식기 5L 판매합니다",
    "postContent": "강아지 자동 급식기 5L 모델을 판매합니다. 상태 매우 양호하고, 버튼 하나로 간편하게 급식을 설정할 수 있습니다. 자동으로 일정량의 사료를 급여하며, 강아지에게 유용합니다. 가격은 30,000원입니다.",
    "postCreatedAt": "2024-12-03T21:15:00",
    "postUpdatedAt": "2024-12-03T21:15:00",
    "postImgUrl": "[]",
    "isDeleted": false,
    "deleteReason": "NULL",
    "communityAuthor": "mike987",
    "postViewCount": 400
  },
  {
    "postUid": "a8c7aeb5-e8b8-4b5b-b5c7-f3455d01a8f1",
    "postId": 29,
    "postCategory": "REPORT",
    "postTitle": "서울 마포구 불법 쓰레기 투기 신고",
    "postContent": "서울 마포구 상암동에서 불법 쓰레기 투기가 발견되었습니다. 무단으로 버려진 쓰레기 더미가 도로를 차지하고 있어 매우 위험합니다. 빠른 조치를 부탁드립니다.",
    "postCreatedAt": "2024-12-03T21:30:00",
    "postUpdatedAt": "2024-12-03T21:30:00",
    "postImgUrl": "[]",
    "isDeleted": false,
    "deleteReason": "NULL",
    "communityAuthor": "emily999",
    "postViewCount": 70
  },
  {
    "postUid": "b5f4f7a9-f48b-44a7-953e-b6f53e1f2b76",
    "postId": 30,
    "postCategory": "BUYANDSELL",
    "postTitle": "고급 스테인리스 강아지 사료 그릇 세트 판매",
    "postContent": "고급 스테인리스 강아지 사료 그릇 세트를 판매합니다. 2개 세트로, 내구성이 뛰어나며, 청소가 간편합니다. 크기는 중형 강아지에게 적합하고, 상태는 매우 좋습니다. 가격은 15,000원입니다.",
    "postCreatedAt": "2024-12-03T22:00:00",
    "postUpdatedAt": "2024-12-03T22:00:00",
    "postImgUrl": "[]",
    "isDeleted": false,
    "deleteReason": "NULL",
    "communityAuthor": "lucas124",
    "postViewCount": 150
  },
  {
    "postUid": "f7e5a74e-4bda-4c73-a93b-e4a1f5b3bb8c",
    "postId": 31,
    "postCategory": "FINDCHILD",
    "postTitle": "인천 부평구에서 실종된 강아지 '루비' 찾습니다",
    "postContent": "인천 부평구에서 작은 하얀색 푸들 강아지 '루비'가 실종되었습니다. 빨간색 리본이 달린 목걸이를 하고 있습니다. 혹시 목격하신 분은 연락 부탁드립니다.",
    "postCreatedAt": "2024-12-03T23:00:00",
    "postUpdatedAt": "2024-12-03T23:00:00",
    "postImgUrl": "[]",
    "isDeleted": false,
    "deleteReason": "NULL",
    "communityAuthor": "lucas987",
    "postViewCount": 180
  },
  {
    "postUid": "e8245b23-2a6d-4b51-bde7-c57822db5f3f",
    "postId": 32,
    "postCategory": "ADOPTREVIEW",
    "postTitle": "입양한 고양이 '소나무'의 변화",
    "postContent": "입양한 고양이 '소나무'는 처음에는 너무 소심했지만, 이제는 우리 집에서 가장 활발하고 애교 많은 고양이가 되었어요! 너무 사랑스럽습니다.",
    "postCreatedAt": "2024-12-03T22:45:00",
    "postUpdatedAt": "2024-12-03T22:45:00",
    "postImgUrl": "[]",
    "isDeleted": false,
    "deleteReason": "NULL",
    "communityAuthor": "lucas124",
    "postViewCount": 190
  },
  {
    "postUid": "b23a9341-f7b2-40a2-907d-364b3b41f877",
    "postId": 33,
    "postCategory": "FINDCHILD",
    "postTitle": "서울 강남구에서 실종된 강아지 '초코' 찾습니다",
    "postContent": "서울 강남구에서 갈색의 포메라니안 강아지 '초코'가 실종되었습니다. 빨간색 리본이 달린 목걸이를 하고 있으며, 혹시 보신 분은 연락 부탁드립니다.",
    "postCreatedAt": "2024-12-04T00:00:00",
    "postUpdatedAt": "2024-12-04T00:00:00",
    "postImgUrl": "[]",
    "isDeleted": false,
    "deleteReason": "NULL",
    "communityAuthor": "alex234",
    "postViewCount": 220
  },
  {
    "postUid": "17dfd7d2-321e-40ba-a712-d6b68d95c0e4",
    "postId": 34,
    "postCategory": "ADOPTREVIEW",
    "postTitle": "입양한 고양이 '미르'의 첫날",
    "postContent": "입양한 고양이 '미르'가 집에 오고 나서 적응하기까지 시간이 걸렸지만, 이제는 정말 친근하게 다가와요. 아주 사랑스러운 녀석이에요!",
    "postCreatedAt": "2024-12-04T00:30:00",
    "postUpdatedAt": "2024-12-04T00:30:00",
    "postImgUrl": "[]",
    "isDeleted": false,
    "deleteReason": "NULL",
    "communityAuthor": "sophia876",
    "postViewCount": 310
  },
  {
    "postUid": "cf8ed0f2-8d79-4321-9c0e-7d63a85b3d13",
    "postId": 35,
    "postCategory": "FINDCHILD",
    "postTitle": "대전에서 실종된 고양이 '눈송이' 찾습니다",
    "postContent": "대전에서 흰색 고양이 '눈송이'가 실종되었습니다. 이름처럼 하얀 털을 가진 고양이로, 목걸이는 없으며, 다소 소심한 성격입니다. 보신 분은 꼭 연락 주세요.",
    "postCreatedAt": "2024-12-04T01:00:00",
    "postUpdatedAt": "2024-12-04T01:00:00",
    "postImgUrl": "[]",
    "isDeleted": false,
    "deleteReason": "NULL",
    "communityAuthor": "lucas789",
    "postViewCount": 145
  },
  {
    "postUid": "b1211be5-f9bb-44b9-9e26-8ed4d3a40265",
    "postId": 36,
    "postCategory": "ADOPTREVIEW",
    "postTitle": "입양한 강아지 '미미'의 행복한 일상",
    "postContent": "'미미'를 입양한 후 매일매일이 행복한 일상이네요. 미미는 매우 활발하고, 새로운 가족들에게 사랑을 많이 줍니다. 정말 소중한 존재가 되었어요.",
    "postCreatedAt": "2024-12-04T01:30:00",
    "postUpdatedAt": "2024-12-04T01:30:00",
    "postImgUrl": "[]",
    "isDeleted": false,
    "deleteReason": "NULL",
    "communityAuthor": "emily730",
    "postViewCount": 200
  },
  {
    "postUid": "8f572105-94ba-48d4-9538-2638a83b208f",
    "postId": 37,
    "postCategory": "FINDCHILD",
    "postTitle": "경기도 고양시에서 실종된 강아지 '리틀' 찾습니다",
    "postContent": "경기도 고양시에서 작은 검은색 강아지 '리틀'이 실종되었습니다. 목걸이를 착용하고 있었으며, 사람을 매우 좋아하는 성격입니다. 보신 분은 꼭 연락 부탁드립니다.",
    "postCreatedAt": "2024-12-04T02:00:00",
    "postUpdatedAt": "2024-12-04T02:00:00",
    "postImgUrl": "[]",
    "isDeleted": false,
    "deleteReason": "NULL",
    "communityAuthor": "sophia543",
    "postViewCount": 170
  },
  {
    "postUid": "6db3c722-706d-4b06-a5f0-e123cd116fbb",
    "postId": 38,
    "postCategory": "BUYANDSELL",
    "postTitle": "고양이 사료 팝니다! 고급사료 세트",
    "postContent": "고양이 사료 세트 판매합니다. 고급 브랜드로 포장된 5kg짜리 사료와 캔 10개가 포함되어 있습니다. 고양이를 키우시는 분들께 적합합니다.",
    "postCreatedAt": "2024-12-04T03:00:00",
    "postUpdatedAt": "2024-12-04T03:00:00",
    "postImgUrl": "[]",
    "isDeleted": false,
    "deleteReason": "NULL",
    "communityAuthor": "julia567",
    "postViewCount": 170
  },
  {
    "postUid": "f9cb7905-cc79-49fc-b861-1ac8185d34c9",
    "postId": 39,
    "postCategory": "BUYANDSELL",
    "postTitle": "강아지 용품 세트 판매! 하네스, 배변패드, 사료통",
    "postContent": "강아지 용품 세트를 판매합니다. 하네스, 배변패드, 사료통 등을 포함한 세트로 사용하지 않는 물품들입니다. 상태는 매우 좋습니다.",
    "postCreatedAt": "2024-12-04T03:30:00",
    "postUpdatedAt": "2024-12-04T03:30:00",
    "postImgUrl": "[]",
    "isDeleted": false,
    "deleteReason": "NULL",
    "communityAuthor": "lucas789",
    "postViewCount": 230
  },
  {
    "postUid": "1ac9a9fc-df7c-4977-9b8e-68422c7406a9",
    "postId": 40,
    "postCategory": "BUYANDSELL",
    "postTitle": "고양이 장난감 세트 팝니다! 터널, 공, 레이저 포인터",
    "postContent": "고양이 장난감 세트 판매합니다. 고양이가 좋아할 만한 터널, 공, 레이저 포인터 등이 포함되어 있습니다. 새 제품으로 한 번도 사용하지 않았습니다.",
    "postCreatedAt": "2024-12-04T04:00:00",
    "postUpdatedAt": "2024-12-04T04:00:00",
    "postImgUrl": "[]",
    "isDeleted": false,
    "deleteReason": "NULL",
    "communityAuthor": "sophia987",
    "postViewCount": 150
  },
  {
    "postUid": "a62f7ac1-c5e9-4e38-a3fc-7421ac9df6a8",
    "postId": 41,
    "postCategory": "ADOPTREVIEW",
    "postTitle": "입양한 강아지 '구름'의 첫날",
    "postContent": "'구름'을 입양한 지 며칠 됐는데 정말 사랑스러운 아이예요! 처음에는 조금 낯설어했지만, 이제는 집안 곳곳을 돌아다니며 나랑 함께 놀자고 해요. 가족이 되어줘서 고마워요!",
    "postCreatedAt": "2024-12-04T05:00:00",
    "postUpdatedAt": "2024-12-04T05:00:00",
    "postImgUrl": "[]",
    "isDeleted": false,
    "deleteReason": "NULL",
    "communityAuthor": "mike23",
    "postViewCount": 300
  },
  {
    "postUid": "349ed56f-f72d-45e5-b7a4-b66ff6d97280",
    "postId": 42,
    "postCategory": "ADOPTREVIEW",
    "postTitle": "입양한 고양이 '페페'의 사랑스러운 모습",
    "postContent": "'페페'를 입양하고 나서 매일매일이 행복해요. 처음엔 많이 겁을 먹었지만, 이제는 내 품에서 자고, 옆에서 같이 시간을 보내요. 정말 소중한 가족이 되었어요.",
    "postCreatedAt": "2024-12-04T05:30:00",
    "postUpdatedAt": "2024-12-04T05:30:00",
    "postImgUrl": "[]",
    "isDeleted": false,
    "deleteReason": "NULL",
    "communityAuthor": "steve1980",
    "postViewCount": 230
  },
  {
    "postUid": "d5bc36fa-0ff1-4d97-8767-d32d7b6b33c2",
    "postId": 43,
    "postCategory": "ADOPTREVIEW",
    "postTitle": "우리 집에 온 '토리', 첫 인사",
    "postContent": "'토리'를 입양한 후 첫날부터 반가워하며 다가와줬어요. 아주 기분 좋은 시작이었고, 이제는 집 안을 뛰어다니며 에너지를 발산하고 있어요! 정말 사랑스러운 아이입니다.",
    "postCreatedAt": "2024-12-04T06:00:00",
    "postUpdatedAt": "2024-12-04T06:00:00",
    "postImgUrl": "[]",
    "isDeleted": false,
    "deleteReason": "NULL",
    "communityAuthor": "alice123",
    "postViewCount": 180
  },
  {
    "postUid": "c4b539fe-b927-48cc-a527-16d87f462455",
    "postId": 44,
    "postCategory": "REPORT",
    "postTitle": "불법 애완동물 판매 신고합니다",
    "postContent": "온라인에서 불법 애완동물 판매자가 있음을 확인했습니다. 특정 사이트에서 불법적으로 애완동물을 판매하고 있으며, 이는 동물 보호법을 위반한 행위입니다. 신고합니다.",
    "postCreatedAt": "2024-12-04T08:00:00",
    "postUpdatedAt": "2024-12-04T08:00:00",
    "postImgUrl": "[]",
    "isDeleted": false,
    "deleteReason": "NULL",
    "communityAuthor": "susie456",
    "postViewCount": 180
  },
  {
    "postUid": "78b91ff4-5b72-4b67-8880-b5ed0789275b",
    "postId": 45,
    "postCategory": "REPORT",
    "postTitle": "동물 학대 사건 신고",
    "postContent": "길거리에 버려진 동물이 학대당하는 모습을 목격했습니다. 동물에게 상처를 입히고 있던 사람을 목격했으니, 조속히 처리가 필요합니다.",
    "postCreatedAt": "2024-12-04T08:30:00",
    "postUpdatedAt": "2024-12-04T08:30:00",
    "postImgUrl": "[]",
    "isDeleted": false,
    "deleteReason": "NULL",
    "communityAuthor": "alice123",
    "postViewCount": 230
  },
  {
    "postUid": "c88b729b-71c7-4236-a6c6-d75ed0fd2fc1",
    "postId": 46,
    "postCategory": "REPORT",
    "postTitle": "애완동물 밀매 의심 신고",
    "postContent": "지난주, 일부 상점에서 밀매가 의심되는 애완동물 거래를 확인했습니다. 일부 품종의 고양이나 개가 과도한 가격에 거래되고 있었으니, 조사해주시기 바랍니다.",
    "postCreatedAt": "2024-12-04T09:00:00",
    "postUpdatedAt": "2024-12-04T09:00:00",
    "postImgUrl": "[]",
    "isDeleted": false,
    "deleteReason": "NULL",
    "communityAuthor": "sophia876",
    "postViewCount": 170
  },
  {
    "postUid": "ef9d3c4e-7a68-450f-9791-0c6d05a3e245",
    "postId": 47,
    "postCategory": "REPORT",
    "postTitle": "고양이 유기 신고",
    "postContent": "오늘 아침, 공원에서 유기된 고양이를 발견했습니다. 고양이는 매우 약해 보였고, 즉시 동물 보호소에 연락했습니다. 유기동물 문제에 대한 빠른 대처가 필요합니다.",
    "postCreatedAt": "2024-12-04T09:30:00",
    "postUpdatedAt": "2024-12-04T09:30:00",
    "postImgUrl": "[]",
    "isDeleted": false,
    "deleteReason": "NULL",
    "communityAuthor": "mike987",
    "postViewCount": 210
  },
  {
    "postUid": "f7c8e1d6-6a61-4e91-a3b9-bd62a56b11f0",
    "postId": 48,
    "postCategory": "FINDCHILD",
    "postTitle": "실종된 고양이 '미미'를 찾습니다",
    "postContent": "'미미'는 지난 12월 2일 오후 3시경 우리 집 근처에서 실종되었습니다. 흰색과 회색이 섞인 털을 가지고 있으며, 귀가 약간 접혀 있습니다. 혹시 발견하신 분은 연락 바랍니다.",
    "postCreatedAt": "2024-12-04T10:30:00",
    "postUpdatedAt": "2024-12-04T10:30:00",
    "postImgUrl": "[]",
    "isDeleted": false,
    "deleteReason": "NULL",
    "communityAuthor": "sujin94",
    "postViewCount": 220
  },
  {
    "postUid": "bb45a189-8d8b-4976-b905-eed2b1a64f78",
    "postId": 49,
    "postCategory": "FINDCHILD",
    "postTitle": "실종된 강아지 '코코'를 찾습니다",
    "postContent": "'코코'는 지난 12월 1일 아침 10시경 우리 동네에서 사라졌습니다. 황갈색 푸들로, 작은 크기입니다. 목줄을 착용하고 있었으며, 매우 사람을 좋아하는 성격을 가지고 있습니다. 발견하시면 연락주세요.",
    "postCreatedAt": "2024-12-04T11:00:00",
    "postUpdatedAt": "2024-12-04T11:00:00",
    "postImgUrl": "[]",
    "isDeleted": false,
    "deleteReason": "NULL",
    "communityAuthor": "mike23",
    "postViewCount": 180
  },
  {
    "postUid": "c3e6cd7f-b2ea-4774-84f1-540a4107b084",
    "postId": 50,
    "postCategory": "FINDCHILD",
    "postTitle": "실종된 고양이 '토토'를 찾습니다",
    "postContent": "'토토'는 12월 3일 오후 5시경 실종되었습니다. 검은색과 흰색이 섞인 고양이로, 목에 파란색 목걸이를 착용하고 있습니다. 혹시라도 보셨거나 아시는 분은 연락 부탁드립니다.",
    "postCreatedAt": "2024-12-04T11:30:00",
    "postUpdatedAt": "2024-12-04T11:30:00",
    "postImgUrl": "[]",
    "isDeleted": false,
    "deleteReason": "NULL",
    "communityAuthor": "susie456",
    "postViewCount": 150
  },
  {
    "postUid": "a742ec60-ff98-4f4b-961a-83f9f1c157ad",
    "postId": 51,
    "postCategory": "REPORT",
    "postTitle": "불법 개 사육장 신고",
    "postContent": "지난 주말, 불법적인 개 사육장을 발견했습니다. 많은 개들이 비좁고 불결한 공간에 갇혀 있으며, 건강 상태가 매우 나쁩니다. 즉시 조치가 필요합니다.",
    "postCreatedAt": "2024-12-04T13:00:00",
    "postUpdatedAt": "2024-12-04T13:00:00",
    "postImgUrl": "[]",
    "isDeleted": false,
    "deleteReason": "NULL",
    "communityAuthor": "steve1980",
    "postViewCount": 250
  },
  {
    "postUid": "c64b3c27-3c64-40ad-b30c-123283ff9b18",
    "postId": 52,
    "postCategory": "REPORT",
    "postTitle": "불법 동물 밀매 의심 신고",
    "postContent": "동물 시장에서 불법 밀매가 의심되는 상황을 목격했습니다. 여러 종류의 동물들이 합법적인 절차 없이 판매되고 있으며, 이에 대해 신고하고자 합니다.",
    "postCreatedAt": "2024-12-04T13:30:00",
    "postUpdatedAt": "2024-12-04T13:30:00",
    "postImgUrl": "[]",
    "isDeleted": false,
    "deleteReason": "NULL",
    "communityAuthor": "alice123",
    "postViewCount": 300
  },
  {
    "postUid": "79c67e0e-15f3-4a9b-85fb-1b989b539e91",
    "postId": 53,
    "postCategory": "REPORT",
    "postTitle": "동물학대 신고",
    "postContent": "아파트 단지 내에서 동물을 학대하는 사람을 목격했습니다. 강아지가 계속해서 폭력을 당하고 있으며, 빠른 조치가 필요합니다.",
    "postCreatedAt": "2024-12-04T14:00:00",
    "postUpdatedAt": "2024-12-04T14:00:00",
    "postImgUrl": "[]",
    "isDeleted": false,
    "deleteReason": "NULL",
    "communityAuthor": "julia567",
    "postViewCount": 180
  },
  {
    "postUid": "3b2fe1ed-7a5f-4be2-925f-f16bc382bcf7",
    "postId": 54,
    "postCategory": "REPORT",
    "postTitle": "불법 애완동물 판매 신고",
    "postContent": "인터넷에서 불법으로 애완동물을 판매하는 사이트를 발견했습니다. 해당 사이트에서는 동물을 비위생적인 환경에서 판매하고 있으며, 즉시 조사가 필요합니다.",
    "postCreatedAt": "2024-12-04T14:30:00",
    "postUpdatedAt": "2024-12-04T14:30:00",
    "postImgUrl": "[]",
    "isDeleted": false,
    "deleteReason": "NULL",
    "communityAuthor": "lucas876",
    "postViewCount": 200
  },
  {
    "postUid": "82f68c4e-4b1d-4c2c-b0bb-bd8c38fb8254",
    "postId": 55,
    "postCategory": "REPORT",
    "postTitle": "길고양이 밀집지역 발견",
    "postContent": "우리 동네에 길고양이가 많습니다. 많은 고양이들이 지나치게 밀집되어 있고, 건강 상태도 좋지 않으며, 주변 환경도 비위생적입니다. 이를 신고하고 싶습니다.",
    "postCreatedAt": "2024-12-04T15:00:00",
    "postUpdatedAt": "2024-12-04T15:00:00",
    "postImgUrl": "[]",
    "isDeleted": false,
    "deleteReason": "NULL",
    "communityAuthor": "mike987",
    "postViewCount": 170
  },
  {
    "postUid": "3d2d1e80-c3b2-43b7-a437-b3b455a0784e",
    "postId": 56,
    "postCategory": "ADOPTREVIEW",
    "postTitle": "입양한 강아지 '레오'와의 첫 번째 만남",
    "postContent": "'레오'는 3개월 된 강아지로, 입양 후 첫 번째 주를 보냈습니다. 아주 사랑스러운 성격을 가지고 있고, 사람을 매우 좋아하는 아이라 집에서도 잘 적응하고 있습니다. 처음에는 낯을 가리긴 했지만, 점점 친해지고 있어요. 가족들이 모두 '레오'에게 푹 빠졌답니다.",
    "postCreatedAt": "2024-12-04T16:00:00",
    "postUpdatedAt": "2024-12-04T16:00:00",
    "postImgUrl": "[]",
    "isDeleted": false,
    "deleteReason": "NULL",
    "communityAuthor": "sophia876",
    "postViewCount": 230
  },
  {
    "postUid": "efdb88cc-74da-408f-b54b-4b7069cd3d6b",
    "postId": 57,
    "postCategory": "ADOPTREVIEW",
    "postTitle": "입양 후 고양이 '밤비'와 행복한 시간",
    "postContent": "'밤비'는 1살 된 고양이로, 입양 후 2주가 지나면서 점점 더 친근해졌습니다. 처음에는 사람을 많이 경계했지만, 지금은 우리 집에서 가장 사랑받는 고양이가 되었어요. 밤비는 아주 차분하고, 조금 서툴지만 매일 나에게 사랑스러운 눈빛을 보내는 것이 너무 귀엽습니다.",
    "postCreatedAt": "2024-12-04T16:30:00",
    "postUpdatedAt": "2024-12-04T16:30:00",
    "postImgUrl": "[]",
    "isDeleted": false,
    "deleteReason": "NULL",
    "communityAuthor": "lucas789",
    "postViewCount": 170
  },
  {
    "postUid": "6e1b5b9a-7b35-4719-a3f6-6ea12b1e43c0",
    "postId": 58,
    "postCategory": "ADOPTREVIEW",
    "postTitle": "입양 후 고양이 '코코'와의 일상",
    "postContent": "'코코'는 입양한 지 1개월 된 고양이입니다. 처음에는 조금 낯설어했지만 이제는 나와 함께 자고, 놀고, 먹고 있어요. '코코'는 매우 활동적이고, 장난감을 좋아하는 고양이입니다. 입양 후 정말 많은 행복을 느끼고 있어요.",
    "postCreatedAt": "2024-12-04T17:00:00",
    "postUpdatedAt": "2024-12-04T17:00:00",
    "postImgUrl": "[]",
    "isDeleted": false,
    "deleteReason": "NULL",
    "communityAuthor": "mike23",
    "postViewCount": 200
  },
  {
    "postUid": "a7320f5f-2147-4ed3-9877-e0ab58f5b04e",
    "postId": 59,
    "postCategory": "BUYANDSELL",
    "postTitle": "사이즈 L 강아지 옷 판매합니다.",
    "postContent": "사이즈 L인 강아지 옷을 판매합니다. 한 번도 입히지 않았고, 상태는 매우 새 것입니다. 강아지에게 딱 맞는 예쁜 디자인으로, 겨울에 따뜻하게 입힐 수 있습니다. 가격은 15,000원입니다. 관심 있으신 분은 연락 주세요!",
    "postCreatedAt": "2024-12-04T17:30:00",
    "postUpdatedAt": "2024-12-04T17:30:00",
    "postImgUrl": "[]",
    "isDeleted": false,
    "deleteReason": "NULL",
    "communityAuthor": "lucas987",
    "postViewCount": 150
  },
  {
    "postUid": "1a3d2c60-4b92-44a7-bd6b-2d74ccdf7c3f",
    "postId": 60,
    "postCategory": "BUYANDSELL",
    "postTitle": "강아지 사료 10kg 판매합니다.",
    "postContent": "강아지 사료 10kg 판매합니다. 유기농 원료로 만들어진 고품질 사료로, 저희 강아지가 먹지 않아서 판매합니다. 유통기한은 2025년 6월까지입니다. 가격은 25,000원입니다.",
    "postCreatedAt": "2024-12-04T18:30:00",
    "postUpdatedAt": "2024-12-04T18:30:00",
    "postImgUrl": "[]",
    "isDeleted": false,
    "deleteReason": "NULL",
    "communityAuthor": "alex567",
    "postViewCount": 220
  }
]
