[
  {
    "qnaId": 1,
    "qnaTitle": "상품 주문 취소 방법에 대해 문의드립니다.",
    "qnaCreatedAt": "2024-11-05T14:30:00",
    "qnaPassword": 123456,
    "qnaContent": "안녕하세요, 상품을 잘못 주문해서 취소하고 싶은데 방법을 알 수 있을까요? 주문 취소 절차에 대해 안내 부탁드립니다.",
    "qnaRequestFile": [],
    "qnaAnswer": "안녕하세요, 고객님. 상품 주문 취소는 고객센터를 통해 가능합니다. 고객님의 주문 번호를 알려주시면 빠르게 처리해드리겠습니다. 감사합니다.",
    "qnaAnswerFile": [],
    "qnaState": "ANSCOMPLETE",
    "qnaAuthor": "sujin94",
    "answerAuthor": "admin"
  },
  {
    "qnaId": 2,
    "qnaTitle": "배송이 언제 시작되나요?",
    "qnaCreatedAt": "2024-11-05T15:00:00",
    "qnaPassword": 654321,
    "qnaContent": "상품을 주문했는데 배송이 언제 시작되는지 궁금합니다. 배송 일정에 대해 알려주세요.",
    "qnaRequestFile": [],
    "qnaAnswer": "안녕하세요, 고객님. 주문하신 상품은 내일 출고 예정입니다. 자세한 배송 일정은 주문 확인 페이지에서 확인 가능합니다.",
    "qnaAnswerFile": [],
    "qnaState": "ANSCOMPLETE",
    "qnaAuthor": "mike23",
    "answerAuthor": "admin"
  },
  {
    "qnaId": 3,
    "qnaTitle": "환불 절차에 대해 문의드립니다.",
    "qnaCreatedAt": "2024-11-05T16:10:00",
    "qnaPassword": 789012,
    "qnaContent": "상품이 마음에 들지 않아서 환불을 요청하고 싶습니다. 환불 절차를 안내해 주세요.",
    "qnaRequestFile": [],
    "qnaAnswer": "안녕하세요, 고객님. 환불을 원하시는 상품의 반품 절차를 안내드리겠습니다. 상품 반품 후 환불 처리해드리겠습니다.",
    "qnaAnswerFile": [],
    "qnaState": "ANSCOMPLETE",
    "qnaAuthor": "steve1980",
    "answerAuthor": "admin"
  },
  {
    "qnaId": 4,
    "qnaTitle": "회원가입 후 로그인 오류 발생",
    "qnaCreatedAt": "2024-11-05T17:30:00",
    "qnaPassword": 345678,
    "qnaContent": "회원가입 후 로그인 시 오류가 발생합니다. 아이디와 비밀번호를 입력했는데 계속 로그인되지 않습니다. 해결 방법을 알려주세요.",
    "qnaRequestFile": [],
    "qnaAnswer": "안녕하세요, 고객님. 로그인 오류는 비밀번호가 잘못 입력되었을 가능성이 있습니다. 비밀번호 재설정을 시도해 보시기 바랍니다.",
    "qnaAnswerFile": [],
    "qnaState": "ANSCOMPLETE",
    "qnaAuthor": "alice123",
    "answerAuthor": "admin"
  },
  {
    "qnaId": 5,
    "qnaTitle": "쿠폰 사용 방법에 대해 문의드립니다.",
    "qnaCreatedAt": "2024-11-05T18:00:00",
    "qnaPassword": 987654,
    "qnaContent": "쿠폰을 받았는데 어떻게 사용해야 하는지 잘 모르겠습니다. 사용 방법을 안내해주세요.",
    "qnaRequestFile": [],
    "qnaAnswer": "안녕하세요, 고객님. 쿠폰은 결제 시 쿠폰 코드를 입력하시면 할인이 적용됩니다. 쿠폰 코드 입력란을 확인해 주세요.",
    "qnaAnswerFile": [],
    "qnaState": "ANSCOMPLETE",
    "qnaAuthor": "jackson123",
    "answerAuthor": "admin"
  },
  {
    "qnaId": 6,
    "qnaTitle": "적립금 사용 방법을 알고 싶습니다.",
    "qnaCreatedAt": "2024-11-05T18:30:00",
    "qnaPassword": 135792,
    "qnaContent": "적립금을 어떻게 사용할 수 있는지 궁금합니다. 결제 시 적립금을 사용할 수 있는지 알려주세요.",
    "qnaRequestFile": [],
    "qnaAnswer": "안녕하세요, 고객님. 적립금은 결제 시 '적립금 사용' 항목에서 사용할 수 있습니다. 결제 페이지에서 확인해 주세요.",
    "qnaAnswerFile": [],
    "qnaState": "ANSCOMPLETE",
    "qnaAuthor": "lucas789",
    "answerAuthor": "admin"
  },
  {
    "qnaId": 7,
    "qnaTitle": "세금 계산서 발급 관련 문의",
    "qnaCreatedAt": "2024-11-05T19:00:00",
    "qnaPassword": 246801,
    "qnaContent": "세금 계산서를 발급받고 싶은데 어떻게 해야 하나요? 발급 절차를 안내해 주세요.",
    "qnaRequestFile": [],
    "qnaAnswer": "안녕하세요, 고객님. 세금 계산서는 고객님의 주문 내역을 바탕으로 발급이 가능합니다. 발급 절차는 고객센터를 통해 진행됩니다. 자세한 사항은 고객센터로 문의 부탁드립니다.",
    "qnaAnswerFile": [],
    "qnaState": "ANSCOMPLETE",
    "qnaAuthor": "james1123",
    "answerAuthor": "admin"
  },
  {
    "qnaId": 8,
    "qnaTitle": "제품 사용법 문의",
    "qnaCreatedAt": "2024-11-05T20:10:00",
    "qnaPassword": 567890,
    "qnaContent": "구매한 제품의 사용법이 잘 이해되지 않습니다. 사용법을 자세히 알려주세요.",
    "qnaRequestFile": [],
    "qnaAnswer": "안녕하세요, 고객님. 해당 제품은 간단한 사용법이 포함된 매뉴얼을 제공하고 있습니다. 첨부된 파일을 참고하시거나, 추가적인 설명이 필요하시면 다시 문의 주세요.",
    "qnaAnswerFile": [],
    "qnaState": "ANSCOMPLETE",
    "qnaAuthor": "sophia876",
    "answerAuthor": "admin"
  },
  {
    "qnaId": 9,
    "qnaTitle": "배송지 변경 요청",
    "qnaCreatedAt": "2024-11-05T21:20:00",
    "qnaPassword": 102938,
    "qnaContent": "상품 배송 전에 배송지를 변경하고 싶습니다. 어떻게 처리해야 하나요?",
    "qnaRequestFile": [],
    "qnaAnswer": "안녕하세요, 고객님. 배송지 변경은 상품이 출발하기 전에만 가능합니다. 변경을 원하시면 고객센터로 연락 주시면 바로 처리해드리겠습니다.",
    "qnaAnswerFile": [],
    "qnaState": "ANSCOMPLETE",
    "qnaAuthor": "ella345",
    "answerAuthor": "admin"
  },
  {
    "qnaId": 10,
    "qnaTitle": "회원 탈퇴 방법 문의",
    "qnaCreatedAt": "2024-11-05T22:30:00",
    "qnaPassword": 918273,
    "qnaContent": "회원 탈퇴를 하고 싶습니다. 탈퇴 절차를 알려주세요.",
    "qnaRequestFile": [],
    "qnaAnswer": "안녕하세요, 고객님. 회원 탈퇴는 계정 관리 페이지에서 직접 진행할 수 있습니다. 탈퇴 버튼을 클릭하면 관련 절차가 안내됩니다.",
    "qnaAnswerFile": [],
    "qnaState": "ANSCOMPLETE",
    "qnaAuthor": "lucas876",
    "answerAuthor": "admin"
  },
  {
    "qnaId": 11,
    "qnaTitle": "교환 정책에 관한 질문",
    "qnaCreatedAt": "2024-11-06T10:15:00",
    "qnaPassword": 314159,
    "qnaContent": "구매한 상품이 마음에 들지 않아서 교환을 하고 싶은데, 교환 절차가 어떻게 되나요?",
    "qnaRequestFile": [],
    "qnaAnswer": "안녕하세요, 고객님. 교환은 상품을 수령한 날로부터 7일 이내에 가능합니다. 상품 상태가 원래와 동일해야 하며, 교환을 원하시는 상품과 동일한 카테고리에서 진행됩니다.",
    "qnaAnswerFile": [],
    "qnaState": "ANSCOMPLETE",
    "qnaAuthor": "sophia987",
    "answerAuthor": "admin"
  },
  {
    "qnaId": 12,
    "qnaTitle": "할인 코드 사용 방법 문의",
    "qnaCreatedAt": "2024-11-06T11:25:00",
    "qnaPassword": 753159,
    "qnaContent": "할인 코드를 얻었는데, 어떻게 사용해야 할지 모르겠습니다. 사용 방법을 알려주세요.",
    "qnaRequestFile": [],
    "qnaAnswer": "안녕하세요, 고객님. 할인 코드는 결제 시 코드 입력란에 입력하시면 적용됩니다. 일부 할인 코드는 특정 상품에만 사용 가능하므로, 해당 코드가 유효한지 확인해 주세요.",
    "qnaAnswerFile": [],
    "qnaState": "ANSCOMPLETE",
    "qnaAuthor": "lucas987",
    "answerAuthor": "admin"
  },
  {
    "qnaId": 13,
    "qnaTitle": "반품 절차에 대한 문의",
    "qnaCreatedAt": "2024-11-06T12:35:00",
    "qnaPassword": 202305,
    "qnaContent": "구매한 상품이 맘에 들지 않아 반품을 원합니다. 반품 절차를 설명해 주세요.",
    "qnaRequestFile": [],
    "qnaAnswer": "안녕하세요, 고객님. 반품은 상품 수령 후 14일 이내에 가능합니다. 반품 신청서를 작성한 후, 상품을 원래 포장 상태로 보내주세요. 자세한 내용은 첨부된 반품 절차를 참고해 주세요.",
    "qnaAnswerFile": [],
    "qnaState": "ANSCOMPLETE",
    "qnaAuthor": "jackson123",
    "answerAuthor": "admin"
  },
  {
    "qnaId": 14,
    "qnaTitle": "쿠폰 사용 시 오류 발생",
    "qnaCreatedAt": "2024-11-06T13:45:00",
    "qnaPassword": 112358,
    "qnaContent": "쿠폰을 사용하려고 했는데, 오류가 발생해서 적용되지 않습니다. 해결 방법을 알려주세요.",
    "qnaRequestFile": [],
    "qnaAnswer": "안녕하세요, 고객님. 쿠폰이 적용되지 않는 경우는 쿠폰 코드가 만료되었거나, 적용 가능한 상품군에 제한이 있을 수 있습니다. 자세한 사항은 고객센터로 문의 주시면 도와드리겠습니다.",
    "qnaAnswerFile": [],
    "qnaState": "ANSCOMPLETE",
    "qnaAuthor": "henry842",
    "answerAuthor": "admin"
  },
  {
    "qnaId": 15,
    "qnaTitle": "결제 취소 요청",
    "qnaCreatedAt": "2024-11-06T14:55:00",
    "qnaPassword": 654321,
    "qnaContent": "결제 후 취소를 요청하고 싶습니다. 취소 절차를 알려주세요.",
    "qnaRequestFile": [],
    "qnaAnswer": "안녕하세요, 고객님. 결제 취소는 결제 완료 후 24시간 이내에 가능합니다. 취소를 원하시면 고객센터로 연락 주시기 바랍니다.",
    "qnaAnswerFile": [],
    "qnaState": "ANSCOMPLETE",
    "qnaAuthor": "lucas124",
    "answerAuthor": "admin"
  },
  {
    "qnaId": 16,
    "qnaTitle": "배송 주소 변경 요청",
    "qnaCreatedAt": "2024-11-06T15:30:00",
    "qnaPassword": 135792,
    "qnaContent": "주문한 상품의 배송 주소를 변경하고 싶습니다. 어떻게 해야 하나요?",
    "qnaRequestFile": [],
    "qnaAnswer": "안녕하세요, 고객님. 배송 주소 변경은 상품이 출고되기 전까지 가능합니다. 고객센터로 연락을 주시면 주소 변경 절차를 도와드리겠습니다.",
    "qnaAnswerFile": [],
    "qnaState": "ANSCOMPLETE",
    "qnaAuthor": "sophia312",
    "answerAuthor": "admin"
  },
  {
    "qnaId": 17,
    "qnaTitle": "적립금 사용 방법",
    "qnaCreatedAt": "2024-11-06T16:40:00",
    "qnaPassword": 987654,
    "qnaContent": "적립금을 사용하고 싶습니다. 어떻게 사용하나요?",
    "qnaRequestFile": [],
    "qnaAnswer": "안녕하세요, 고객님. 적립금은 결제 페이지에서 사용 가능합니다. 결제 시 '적립금 사용' 버튼을 클릭한 후, 사용하실 적립금을 입력해 주세요.",
    "qnaAnswerFile": [],
    "qnaState": "ANSCOMPLETE",
    "qnaAuthor": "ella345",
    "answerAuthor": "admin"
  },
  {
    "qnaId": 18,
    "qnaTitle": "상품 리뷰 작성 방법",
    "qnaCreatedAt": "2024-11-06T17:50:00",
    "qnaPassword": 246810,
    "qnaContent": "상품을 구매했는데, 리뷰를 작성하려고 하는데 어떻게 해야 하나요?",
    "qnaRequestFile": [],
    "qnaAnswer": "안녕하세요, 고객님. 상품 페이지 하단에 '리뷰 작성' 버튼을 클릭하시면 리뷰를 남기실 수 있습니다. 리뷰 작성 시, 상품에 대한 평가와 함께 사진도 첨부 가능합니다.",
    "qnaAnswerFile": [],
    "qnaState": "ANSCOMPLETE",
    "qnaAuthor": "lucas987",
    "answerAuthor": "admin"
  },
  {
    "qnaId": 19,
    "qnaTitle": "회원 탈퇴 방법",
    "qnaCreatedAt": "2024-11-06T18:20:00",
    "qnaPassword": 112233,
    "qnaContent": "회원 탈퇴를 하려고 하는데, 절차를 알려 주세요.",
    "qnaRequestFile": [],
    "qnaAnswer": "안녕하세요, 고객님. 회원 탈퇴는 고객센터를 통해 요청하셔야 합니다. 요청 후, 계정이 삭제되는 과정은 3~5일 소요될 수 있습니다.",
    "qnaAnswerFile": [],
    "qnaState": "ANSCOMPLETE",
    "qnaAuthor": "sophia876",
    "answerAuthor": "admin"
  },
  {
    "qnaId": 20,
    "qnaTitle": "주문 취소 정책",
    "qnaCreatedAt": "2024-11-06T19:10:00",
    "qnaPassword": 543210,
    "qnaContent": "주문 후 취소가 가능한지 궁금합니다. 취소 정책을 알려 주세요.",
    "qnaRequestFile": [],
    "qnaAnswer": "안녕하세요, 고객님. 주문 취소는 상품이 출고되기 전까지 가능합니다. 출고 후에는 취소가 불가능하므로, 빠르게 고객센터로 연락 주시기 바랍니다.",
    "qnaAnswerFile": [],
    "qnaState": "ANSCOMPLETE",
    "qnaAuthor": "lucas789",
    "answerAuthor": "admin"
  },
  {
    "qnaId": 21,
    "qnaTitle": "해외 배송 가능 여부",
    "qnaCreatedAt": "2024-11-06T20:30:00",
    "qnaPassword": 132465,
    "qnaContent": "해외로도 배송이 가능한가요? 어떤 조건이 필요한지 알려주세요.",
    "qnaRequestFile": [],
    "qnaAnswer": "안녕하세요, 고객님. 해외 배송은 가능하나, 일부 국가에 대해서는 제한이 있을 수 있습니다. 배송비와 세금이 추가될 수 있으니, 고객센터로 문의 후 배송 국가를 확인해주세요.",
    "qnaAnswerFile": [],
    "qnaState": "ANSCOMPLETE",
    "qnaAuthor": "alex567",
    "answerAuthor": "admin"
  },
  {
    "qnaId": 22,
    "qnaTitle": "제품 사용 설명서 요청",
    "qnaCreatedAt": "2024-11-06T21:15:00",
    "qnaPassword": 852963,
    "qnaContent": "제품 사용 설명서를 이메일로 받을 수 있을까요?",
    "qnaRequestFile": [],
    "qnaAnswer": "안녕하세요, 고객님. 제품의 사용 설명서는 제품 페이지에서 다운로드 가능합니다. 또한, 이메일로도 전송해드릴 수 있습니다. 고객님의 이메일 주소를 알려주세요.",
    "qnaAnswerFile": [],
    "qnaState": "ANSCOMPLETE",
    "qnaAuthor": "emma122",
    "answerAuthor": "admin"
  },
  {
    "qnaId": 23,
    "qnaTitle": "취소된 주문에 대한 환불 절차",
    "qnaCreatedAt": "2024-11-06T22:05:00",
    "qnaPassword": 369258,
    "qnaContent": "주문이 취소되었는데, 환불은 어떻게 진행되나요?",
    "qnaRequestFile": [],
    "qnaAnswer": "안녕하세요, 고객님. 주문이 취소된 경우, 환불은 결제 방식에 따라 진행됩니다. 카드 결제는 3~5일 내 환불되며, 계좌이체는 5~7일 소요됩니다.",
    "qnaAnswerFile": [],
    "qnaState": "ANSCOMPLETE",
    "qnaAuthor": "lucas987",
    "answerAuthor": "admin"
  },
  {
    "qnaId": 24,
    "qnaTitle": "정기 배송 서비스 사용 방법",
    "qnaCreatedAt": "2024-11-06T23:00:00",
    "qnaPassword": 741258,
    "qnaContent": "정기 배송 서비스를 사용하려면 어떻게 해야 하나요?",
    "qnaRequestFile": [],
    "qnaAnswer": "안녕하세요, 고객님. 정기 배송 서비스는 상품 페이지에서 '정기 배송 신청' 옵션을 선택하여 가입하실 수 있습니다. 배송 주기와 제품을 선택한 후, 결제를 완료해 주세요.",
    "qnaAnswerFile": [],
    "qnaState": "ANSCOMPLETE",
    "qnaAuthor": "jackson123",
    "answerAuthor": "admin"
  },
  {
    "qnaId": 25,
    "qnaTitle": "카드 결제 오류 해결 방법",
    "qnaCreatedAt": "2024-11-06T23:45:00",
    "qnaPassword": 654321,
    "qnaContent": "카드 결제 중 오류가 발생했어요. 해결 방법을 알려주세요.",
    "qnaRequestFile": [],
    "qnaAnswer": "안녕하세요, 고객님. 카드 결제 오류는 여러 원인에 의해 발생할 수 있습니다. 카드 정보 입력 오류, 결제 한도 초과 등을 확인해 주세요. 만약 문제가 계속된다면, 고객센터로 문의해 주세요.",
    "qnaAnswerFile": [],
    "qnaState": "ANSCOMPLETE",
    "qnaAuthor": "mike23",
    "answerAuthor": "admin"
  },
  {
    "qnaId": 26,
    "qnaTitle": "환불 요청 처리 시간",
    "qnaCreatedAt": "2024-11-07T08:30:00",
    "qnaPassword": 123789,
    "qnaContent": "환불 요청을 했는데, 처리가 언제 될까요?",
    "qnaRequestFile": [],
    "qnaAnswer": "안녕하세요, 고객님. 환불 처리는 보통 3~5일 내에 완료됩니다. 결제 방식에 따라 환불 시간이 다를 수 있으니, 참고 부탁드립니다.",
    "qnaAnswerFile": [],
    "qnaState": "ANSCOMPLETE",
    "qnaAuthor": "steve1980",
    "answerAuthor": "admin"
  },
  {
    "qnaId": 27,
    "qnaTitle": "제품 교환 절차",
    "qnaCreatedAt": "2024-11-07T09:10:00",
    "qnaPassword": 547852,
    "qnaContent": "구매한 제품을 교환하고 싶은데, 절차가 어떻게 되나요?",
    "qnaRequestFile": [],
    "qnaAnswer": "안녕하세요, 고객님. 제품 교환은 구매 후 7일 이내에 가능하며, 교환을 원하시면 고객센터에 문의 주시고, 제품 상태를 확인한 후 진행됩니다.",
    "qnaAnswerFile": [],
    "qnaState": "ANSCOMPLETE",
    "qnaAuthor": "sophia876",
    "answerAuthor": "admin"
  },
  {
    "qnaId": 28,
    "qnaTitle": "제품 품절 여부 확인",
    "qnaCreatedAt": "2024-11-07T10:20:00",
    "qnaPassword": 964258,
    "qnaContent": "이 제품은 품절인가요? 재입고 예정이 있나요?",
    "qnaRequestFile": [],
    "qnaAnswer": null,
    "qnaAnswerFile": [],
    "qnaState": "ANSWAIT",
    "qnaAuthor": "lucas789",
    "answerAuthor": null
  },
  {
    "qnaId": 29,
    "qnaTitle": "적립 포인트 사용 방법",
    "qnaCreatedAt": "2024-11-07T11:00:00",
    "qnaPassword": 356741,
    "qnaContent": "적립 포인트는 어떻게 사용하나요? 결제 시 적용 가능한가요?",
    "qnaRequestFile": [],
    "qnaAnswer": null,
    "qnaAnswerFile": [],
    "qnaState": "ANSWAIT",
    "qnaAuthor": "isabella823",
    "answerAuthor": null
  },
  {
    "qnaId": 30,
    "qnaTitle": "배송 추적 방법",
    "qnaCreatedAt": "2024-11-07T12:15:00",
    "qnaPassword": 741852,
    "qnaContent": "배송 중인 상품을 추적하려면 어떻게 해야 하나요?",
    "qnaRequestFile": [],
    "qnaAnswer": null,
    "qnaAnswerFile": [],
    "qnaState": "ANSWAIT",
    "qnaAuthor": "nathan432",
    "answerAuthor": null
  }
]

