[
  {
    "userId": "b7f6c8a1-8d4a-4f3b-b88a-d72b9a65b430",
    "email": "userone123@gmail.com",
    "name": "김영희",
    "phoneNumber": "010-2345-6789",
    "nickname": "관리자",
    "password": "pass1234",
    "userCreate": "2024-11-20T08:30:00",
    "userImgUrl": "5123e3f8-12c3-42d3-9fad-5cbc808e0793.jpg",
    "profileText": "안녕하세요! 김영희입니다. 열정적인 사람으로 성장하고 싶습니다. 다양한 사람들과 협력하고 도전하는 걸 좋아합니다.",
    "userLastLogin": "2024-12-01T14:50:00",
    "isBlacklisted": "false",
    "socialId": "NULL",
    "provider": "NORMAL",
    "authority": "ADMIN",
    "blacklists": [],
    "scraps": []
  },
  {
    "userId": "c3d2b4a5-0e4f-4a6b-b826-074fe4b87c23",
    "email": "janedoe1234@gmail.com",
    "name": "이수진",
    "phoneNumber": "010-3456-7890",
    "nickname": "sujin94",
    "password": "password4567",
    "userCreate": "2024-11-25T10:00:00",
    "userImgUrl": "5123e3f8-12c3-42d3-9fad-5cbc808e0793.jpg",
    "profileText": "안녕하세요, 이수진입니다. 세상에 긍정적인 영향을 미치고 싶습니다. 항상 배우고 성장하려는 자세를 유지하려고 합니다.",
    "userLastLogin": "2024-12-02T17:10:00",
    "isBlacklisted": "false",
    "socialId": "NULL",
    "provider": "NORMAL",
    "authority": "USER",
    "blacklists": [],
    "scraps": ["2024-50628"]
  },
  {
    "userId": "e3d8b1a9-3f5d-4f7f-b1c6-77d7ed58b98b",
    "email": "mike.jones23@gmail.com",
    "name": "박민수",
    "phoneNumber": "010-4567-8901",
    "nickname": "mike23",
    "password": "mike12345",
    "userCreate": "2024-11-15T12:45:00",
    "userImgUrl": "5123e3f8-12c3-42d3-9fad-5cbc808e0793.jpg",
    "profileText": "박민수입니다. 도전적인 일을 좋아하고, 문제 해결을 즐깁니다. 항상 적극적인 자세로 임하고 있습니다.",
    "userLastLogin": "2024-11-30T11:20:00",
    "isBlacklisted": "false",
    "socialId": "NULL",
    "provider": "NORMAL",
    "authority": "USER",
    "blacklists": [],
    "scraps": ["2024-19230", "2024-47895"]
  },
  {
    "userId": "f7b1d2a3-9e0c-4c5f-a7cd-2c0b5d4f1a65",
    "email": "steve.smith1980@gmail.com",
    "name": "조준호",
    "phoneNumber": "010-5678-9012",
    "nickname": "steve1980",
    "password": "steve1980pass",
    "userCreate": "2024-10-10T07:15:00",
    "userImgUrl": "5123e3f8-12c3-42d3-9fad-5cbc808e0793.jpg",
    "profileText": "조준호입니다. 저는 창의적인 아이디어를 제시하는 것을 좋아합니다. 항상 새로운 것을 배우고 있습니다.",
    "userLastLogin": "2024-12-01T13:40:00",
    "isBlacklisted": "false",
    "socialId": "NULL",
    "provider": "NORMAL",
    "authority": "USER",
    "blacklists": [],
    "scraps": ["2024-28465", "2024-67481"]
  },
  {
    "userId": "a5d4c8e0-2b3f-4c0b-b9ad-cf5e0c8a6c09",
    "email": "alice.miller123@gmail.com",
    "name": "최윤아",
    "phoneNumber": "010-6789-0123",
    "nickname": "alice123",
    "password": "alice12345",
    "userCreate": "2024-09-30T14:00:00",
    "userImgUrl": "5123e3f8-12c3-42d3-9fad-5cbc808e0793.jpg",
    "profileText": "최윤아입니다. 저는 모든 일을 성실히 해내며, 언제나 열정을 가지고 활동합니다. 다양한 사람들과 소통하는 것을 좋아합니다.",
    "userLastLogin": "2024-12-02T16:25:00",
    "isBlacklisted": "false",
    "socialId": "NULL",
    "provider": "NORMAL",
    "authority": "USER",
    "blacklists": [],
    "scraps": ["2024-82346", "2024-45193"]
  },
  {
    "userId": "c1f8b9d0-3f2b-47b6-a1a6-bb8d5627f0d5",
    "email": "jackson.brown123@gmail.com",
    "name": "홍길동",
    "phoneNumber": "010-1234-5678",
    "nickname": "jackson123",
    "password": "jackson1234",
    "userCreate": "2024-11-18T10:25:00",
    "userImgUrl": "5123e3f8-12c3-42d3-9fad-5cbc808e0793.jpg",
    "profileText": "홍길동입니다. 언제나 긍정적이고 열정적인 삶을 살고 싶습니다. 사람들과 소통하고 협력하는 것을 즐깁니다.",
    "userLastLogin": "2024-12-01T12:05:00",
    "isBlacklisted": "false",
    "socialId": "NULL",
    "provider": "NORMAL",
    "authority": "USER",
    "blacklists": [],
    "scraps": ["2024-53284", "2024-56742"]
  },
  {
    "userId": "a3e1c5d4-1c5f-4a74-a839-c8d3f36d2fd1",
    "email": "michael.james987@gmail.com",
    "name": "김민준",
    "phoneNumber": "010-2345-6789",
    "nickname": "mike987",
    "password": "mike98765",
    "userCreate": "2024-11-05T13:00:00",
    "userImgUrl": "5123e3f8-12c3-42d3-9fad-5cbc808e0793.jpg",
    "profileText": "안녕하세요, 김민준입니다. 기술과 창의성에 관심이 많으며, 새로운 도전과 배움을 즐깁니다.",
    "userLastLogin": "2024-12-02T15:30:00",
    "isBlacklisted": "false",
    "socialId": "NULL",
    "provider": "NORMAL",
    "authority": "USER",
    "blacklists": [],
    "scraps": ["2024-83256", "2024-67481"]
  },
  {
    "userId": "f02c42a9-d8c0-4dbf-a342-2f9b45f76b69",
    "email": "emily.johnson321@gmail.com",
    "name": "정예린",
    "phoneNumber": "010-3456-7890",
    "nickname": "emily321",
    "password": "emily3214",
    "userCreate": "2024-10-25T09:45:00",
    "userImgUrl": "5123e3f8-12c3-42d3-9fad-5cbc808e0793.jpg",
    "profileText": "정예린입니다. 책과 영화, 음악을 사랑하며 다양한 사람들과 소통하는 것을 좋아합니다.",
    "userLastLogin": "2024-12-03T10:20:00",
    "isBlacklisted": "false",
    "socialId": "NULL",
    "provider": "NORMAL",
    "authority": "USER",
    "blacklists": [],
    "scraps": ["2024-45912", "2024-76139"]
  },
  {
    "userId": "d06c8e0a-8c3e-4c44-8fe3-35cc7368baf1",
    "email": "susan.white456@gmail.com",
    "name": "한정우",
    "phoneNumber": "010-5678-9012",
    "nickname": "susie456",
    "password": "susie4567",
    "userCreate": "2024-10-12T14:15:00",
    "userImgUrl": "5123e3f8-12c3-42d3-9fad-5cbc808e0793.jpg",
    "profileText": "한정우입니다. 새로운 아이디어를 창출하고, 기술적인 문제를 해결하는 것을 좋아합니다. 도전적인 프로젝트에 참여하는 것을 즐깁니다.",
    "userLastLogin": "2024-12-02T17:00:00",
    "isBlacklisted": "false",
    "socialId": "NULL",
    "provider": "NORMAL",
    "authority": "USER",
    "blacklists": [],
    "scraps": ["2024-27934", "2024-83201"]
  },
  {
    "userId": "b5a0f3c1-5fa5-4b73-90f5-59d426aad1a2",
    "email": "lily.green789@gmail.com",
    "name": "김태희",
    "phoneNumber": "010-6789-0123",
    "nickname": "lily789",
    "password": "lily78901",
    "userCreate": "2024-11-03T11:30:00",
    "userImgUrl": "5123e3f8-12c3-42d3-9fad-5cbc808e0793.jpg",
    "profileText": "김태희입니다. 저에게는 창의력과 문제 해결 능력이 중요한 가치입니다. 언제나 최선을 다해 새로운 것을 배우고 성장하는 데 집중합니다.",
    "userLastLogin": "2024-12-03T14:50:00",
    "isBlacklisted": "false",
    "socialId": "NULL",
    "provider": "NORMAL",
    "authority": "USER",
    "blacklists": [],
    "scraps": ["2024-73912", "2024-82935"]
  },
  {
    "userId": "d1a2f3b4-8e9b-45b6-b8d1-3c1f5b4e1d61",
    "email": "daniel.lee234@gmail.com",
    "name": "이수호",
    "phoneNumber": "010-1234-5678",
    "nickname": "daniel234",
    "password": "daniel2345",
    "userCreate": "2024-11-11T12:30:00",
    "userImgUrl": "5123e3f8-12c3-42d3-9fad-5cbc808e0793.jpg",
    "profileText": "이수호입니다. 기술에 관심이 많고, 문제를 해결하는 것을 즐깁니다. 새로운 도전에 열려 있습니다.",
    "userLastLogin": "2024-12-03T09:15:00",
    "isBlacklisted": "false",
    "socialId": "NULL",
    "provider": "NORMAL",
    "authority": "USER",
    "blacklists": [],
    "scraps": ["2024-50671", "2024-93204"]
  },
  {
    "userId": "e7c1d9b5-2c6f-4d4a-9536-e2c9f68c97b4",
    "email": "alex.kim567@gmail.com",
    "name": "김하늘",
    "phoneNumber": "010-2345-6789",
    "nickname": "alex567",
    "password": "alex5678",
    "userCreate": "2024-10-20T14:10:00",
    "userImgUrl": "5123e3f8-12c3-42d3-9fad-5cbc808e0793.jpg",
    "profileText": "김하늘입니다. 저는 독서를 좋아하고, 새로운 것에 도전하는 것을 즐깁니다. 기술과 혁신에 관심이 많습니다.",
    "userLastLogin": "2024-12-01T16:25:00",
    "isBlacklisted": "false",
    "socialId": "NULL",
    "provider": "NORMAL",
    "authority": "USER",
    "blacklists": [],
    "scraps": ["2024-82456", "2024-47895"]
  },
  {
    "userId": "b6f2a0d3-d9e1-4a6c-8d16-2b70b672a57e",
    "email": "lucas.wang789@gmail.com",
    "name": "장윤호",
    "phoneNumber": "010-3456-7890",
    "nickname": "lucas789",
    "password": "lucas78901",
    "userCreate": "2024-09-18T13:55:00",
    "userImgUrl": "5123e3f8-12c3-42d3-9fad-5cbc808e0793.jpg",
    "profileText": "장윤호입니다. 창의적이고 혁신적인 아이디어를 제시하는 것을 좋아합니다. 다양한 사람들과 협업하는 것을 중요시합니다.",
    "userLastLogin": "2024-12-02T17:40:00",
    "isBlacklisted": "false",
    "socialId": "NULL",
    "provider": "NORMAL",
    "authority": "USER",
    "blacklists": [],
    "scraps": ["2024-75916", "2024-13946"]
  },
  {
    "userId": "a0c2d9a1-b8c7-4c5e-b8c3-8b0aeeaaf4a5",
    "email": "james.lee1123@gmail.com",
    "name": "김지우",
    "phoneNumber": "010-5678-9012",
    "nickname": "james1123",
    "password": "james11234",
    "userCreate": "2024-11-07T09:45:00",
    "userImgUrl": "5123e3f8-12c3-42d3-9fad-5cbc808e0793.jpg",
    "profileText": "김지우입니다. 저는 문제를 해결하는 것을 좋아하고, 끊임없이 배우는 것을 즐깁니다. 도전적인 프로젝트를 선호합니다.",
    "userLastLogin": "2024-12-01T13:30:00",
    "isBlacklisted": "false",
    "socialId": "NULL",
    "provider": "NORMAL",
    "authority": "USER",
    "blacklists": [],
    "scraps": ["2024-74103", "2024-90562"]
  },
  {
    "userId": "c4e0f1b3-a5f9-44a2-a34b-5d7b29f9b7b9",
    "email": "sophia.moon876@gmail.com",
    "name": "이채은",
    "phoneNumber": "010-6789-0123",
    "nickname": "sophia876",
    "password": "sophia8765",
    "userCreate": "2024-09-28T12:50:00",
    "userImgUrl": "5123e3f8-12c3-42d3-9fad-5cbc808e0793.jpg",
    "profileText": "이채은입니다. 다양한 분야에 관심이 많고, 특히 인간관계와 협력에서 많은 배움을 얻고 있습니다.",
    "userLastLogin": "2024-12-02T18:00:00",
    "isBlacklisted": "false",
    "socialId": "NULL",
    "provider": "NORMAL",
    "authority": "USER",
    "blacklists": [],
    "scraps": ["2024-36784", "2024-93204"]
  },
  {
    "userId": "a0d0c5b4-7e1c-4a5f-8f37-4fecd4b5b3e3",
    "email": "julia.kim567@gmail.com",
    "name": "박주현",
    "phoneNumber": "010-1234-5678",
    "nickname": "julia567",
    "password": "julia5678",
    "userCreate": "2024-11-16T08:40:00",
    "userImgUrl": "5123e3f8-12c3-42d3-9fad-5cbc808e0793.jpg",
    "profileText": "박주현입니다. 새로운 기술과 도전을 사랑하며, 항상 배움에 열정적입니다. 긍정적인 마인드를 가지고 있습니다.",
    "userLastLogin": "2024-12-03T11:30:00",
    "isBlacklisted": "false",
    "socialId": "NULL",
    "provider": "NORMAL",
    "authority": "USER",
    "blacklists": [],
    "scraps": ["2024-83256", "2024-64839"]
  },
  {
    "userId": "d1e7c1a2-4972-41be-bbd6-44fe3f2d4b61",
    "email": "ella.jones345@gmail.com",
    "name": "최예지",
    "phoneNumber": "010-2345-6789",
    "nickname": "ella345",
    "password": "ella3456",
    "userCreate": "2024-10-29T15:20:00",
    "userImgUrl": "5123e3f8-12c3-42d3-9fad-5cbc808e0793.jpg",
    "profileText": "최예지입니다. 창의적인 아이디어와 기술 혁신에 관심이 많습니다. 사람들과의 협력을 중요시합니다.",
    "userLastLogin": "2024-12-01T13:15:00",
    "isBlacklisted": "false",
    "socialId": "NULL",
    "provider": "NORMAL",
    "authority": "USER",
    "blacklists": [],
    "scraps": ["2024-38729", "2024-20751"]
  },
  {
    "userId": "f8a2d9c1-5b35-4b26-8b57-d7a8bcdbfcd9",
    "email": "lucas.smith876@gmail.com",
    "name": "김준호",
    "phoneNumber": "010-3456-7890",
    "nickname": "lucas876",
    "password": "lucas8765",
    "userCreate": "2024-09-25T11:00:00",
    "userImgUrl": "5123e3f8-12c3-42d3-9fad-5cbc808e0793.jpg",
    "profileText": "김준호입니다. 다양한 기술을 익히며, 더 나은 문제 해결 방법을 찾는 데 중점을 둡니다. 새로운 것을 배우는 것을 좋아합니다.",
    "userLastLogin": "2024-12-02T14:00:00",
    "isBlacklisted": "false",
    "socialId": "NULL",
    "provider": "NORMAL",
    "authority": "USER",
    "blacklists": [],
    "scraps": ["2024-14958", "2024-39461"]
  },
  {
    "userId": "b9c3f4a7-8a42-4375-9d21-267af4f4dbf7",
    "email": "olivia.lee123@gmail.com",
    "name": "이서윤",
    "phoneNumber": "010-5678-9012",
    "nickname": "olivia123",
    "password": "olivia1234",
    "userCreate": "2024-11-02T16:50:00",
    "userImgUrl": "5123e3f8-12c3-42d3-9fad-5cbc808e0793.jpg",
    "profileText": "이서윤입니다. 혁신적인 아이디어를 제시하며, 도전적인 프로젝트에 참여하는 것을 즐깁니다. 팀워크와 협력을 중요시합니다.",
    "userLastLogin": "2024-12-01T18:25:00",
    "isBlacklisted": "false",
    "socialId": "NULL",
    "provider": "NORMAL",
    "authority": "USER",
    "blacklists": [],
    "scraps": ["2024-20439", "2024-51872"]
  },
  {
    "userId": "e4b2a5d0-1f1a-4f90-bc31-e25595f7fa29",
    "email": "sophia.miller987@gmail.com",
    "name": "박수민",
    "phoneNumber": "010-6789-0123",
    "nickname": "sophia987",
    "password": "sophia9876",
    "userCreate": "2024-10-10T10:15:00",
    "userImgUrl": "5123e3f8-12c3-42d3-9fad-5cbc808e0793.jpg",
    "profileText": "박수민입니다. 끊임없이 배우고 성장하는 것을 중요시하며, 다양한 분야에서 경험을 쌓고 있습니다.",
    "userLastLogin": "2024-12-03T12:40:00",
    "isBlacklisted": "false",
    "socialId": "NULL",
    "provider": "NORMAL",
    "authority": "USER",
    "blacklists": [],
    "scraps": ["2024-53012", "2024-32750"]
  },
  {
    "userId": "b1d8c9e4-d6f5-4f85-bd64-1d9879f60b2b",
    "email": "kylie.johnson567@gmail.com",
    "name": "김다영",
    "phoneNumber": "010-9876-5432",
    "nickname": "kylie567",
    "password": "kylie5678",
    "userCreate": "2024-11-10T13:25:00",
    "userImgUrl": "5123e3f8-12c3-42d3-9fad-5cbc808e0793.jpg",
    "profileText": "김다영입니다. 다양한 분야에서 도전하는 것을 좋아하고, 새로운 기술을 배우는 것에 열정을 가지고 있습니다.",
    "userLastLogin": "2024-12-02T11:10:00",
    "isBlacklisted": "false",
    "socialId": "NULL",
    "provider": "NORMAL",
    "authority": "USER",
    "blacklists": [],
    "scraps": ["2024-36784", "2024-31245"]
  },
  {
    "userId": "a7e8d3f9-cfc2-48ff-b72c-b763a9b62431",
    "email": "lucas.park124@gmail.com",
    "name": "이태훈",
    "phoneNumber": "010-1357-2468",
    "nickname": "lucas124",
    "password": "lucas1245",
    "userCreate": "2024-10-25T14:45:00",
    "userImgUrl": "5123e3f8-12c3-42d3-9fad-5cbc808e0793.jpg",
    "profileText": "이태훈입니다. IT와 관련된 모든 것에 관심이 많고, 새로운 기술을 적용하는 것을 즐깁니다.",
    "userLastLogin": "2024-12-01T17:50:00",
    "isBlacklisted": "false",
    "socialId": "NULL",
    "provider": "NORMAL",
    "authority": "USER",
    "blacklists": [],
    "scraps": ["2024-20439", "2024-84762"]
  },
  {
    "userId": "c8d7a9e4-4f25-49a1-9273-97c8c7a85e01",
    "email": "emily.lee999@gmail.com",
    "name": "황지민",
    "phoneNumber": "010-2468-1357",
    "nickname": "emily999",
    "password": "emily9998",
    "userCreate": "2024-09-30T16:20:00",
    "userImgUrl": "5123e3f8-12c3-42d3-9fad-5cbc808e0793.jpg",
    "profileText": "황지민입니다. 디자인과 기술의 융합에 관심이 있으며, 창의적인 문제 해결을 추구합니다.",
    "userLastLogin": "2024-12-03T13:35:00",
    "isBlacklisted": "false",
    "socialId": "NULL",
    "provider": "NORMAL",
    "authority": "USER",
    "blacklists": [],
    "scraps": ["2024-74103", "2024-53284"]
  },
  {
    "userId": "f5c2b7d9-2c74-418d-b1de-f8a3f73d2613",
    "email": "nathan.smith432@gmail.com",
    "name": "이서준",
    "phoneNumber": "010-3579-4680",
    "nickname": "nathan432",
    "password": "nathan4321",
    "userCreate": "2024-11-03T18:10:00",
    "userImgUrl": "5123e3f8-12c3-42d3-9fad-5cbc808e0793.jpg",
    "profileText": "이서준입니다. 프로젝트 관리와 팀워크를 중요하게 생각하며, 항상 새로운 도전과 기회를 찾고 있습니다.",
    "userLastLogin": "2024-12-02T10:05:00",
    "isBlacklisted": "false",
    "socialId": "NULL",
    "provider": "NORMAL",
    "authority": "USER",
    "blacklists": [],
    "scraps": ["2024-36840", "2024-91268"]
  },
  {
    "userId": "e1d0c4b8-9b2f-41e6-bca8-040f207a37f6",
    "email": "olivia.smith876@gmail.com",
    "name": "박하늘",
    "phoneNumber": "010-5678-1234",
    "nickname": "olivia876",
    "password": "olivia8765",
    "userCreate": "2024-09-22T12:35:00",
    "userImgUrl": "5123e3f8-12c3-42d3-9fad-5cbc808e0793.jpg",
    "profileText": "박하늘입니다. 긍정적인 마인드를 가지고 있으며, 언제나 새로운 경험과 배움을 즐깁니다.",
    "userLastLogin": "2024-12-01T14:20:00",
    "isBlacklisted": "false",
    "socialId": "NULL",
    "provider": "NORMAL",
    "authority": "USER",
    "blacklists": [],
    "scraps": ["2024-20358", "2024-74529"]
  },
  {
    "userId": "f3a0e9d1-abbf-4772-9c9e-c20db072c71c",
    "email": "sophia.kim892@gmail.com",
    "name": "조하린",
    "phoneNumber": "010-6543-9876",
    "nickname": "sophia892",
    "password": "sophia8921",
    "userCreate": "2024-10-30T09:10:00",
    "userImgUrl": "5123e3f8-12c3-42d3-9fad-5cbc808e0793.jpg",
    "profileText": "조하린입니다. 새로운 기술에 관심이 많고, 문제 해결을 위한 창의적 접근을 중요시합니다.",
    "userLastLogin": "2024-12-02T16:00:00",
    "isBlacklisted": "false",
    "socialId": "NULL",
    "provider": "NORMAL",
    "authority": "USER",
    "blacklists": [],
    "scraps": ["2024-92048", "2024-29841"]
  },
  {
    "userId": "d8e1a7b3-8949-4be2-b657-9372cc088083",
    "email": "michael.lee334@gmail.com",
    "name": "이건우",
    "phoneNumber": "010-7654-3210",
    "nickname": "michael334",
    "password": "michael3345",
    "userCreate": "2024-11-12T11:30:00",
    "userImgUrl": "5123e3f8-12c3-42d3-9fad-5cbc808e0793.jpg",
    "profileText": "이건우입니다. 컴퓨터 공학을 전공하며, 새로운 기술을 배우는 것에 열정적입니다.",
    "userLastLogin": "2024-12-03T08:45:00",
    "isBlacklisted": "false",
    "socialId": "NULL",
    "provider": "NORMAL",
    "authority": "USER",
    "blacklists": [],
    "scraps": ["2024-33215", "2024-82346"]
  },
  {
    "userId": "a1d0c8e3-287d-4b8c-9b83-9f9cd960d05a",
    "email": "olivia.park657@gmail.com",
    "name": "최지우",
    "phoneNumber": "010-4321-9876",
    "nickname": "olivia657",
    "password": "olivia6578",
    "userCreate": "2024-11-07T14:25:00",
    "userImgUrl": "5123e3f8-12c3-42d3-9fad-5cbc808e0793.jpg",
    "profileText": "최지우입니다. 창의력과 기술 혁신에 열정을 가지고 있으며, 협력적인 환경에서 일하는 것을 좋아합니다.",
    "userLastLogin": "2024-12-02T18:00:00",
    "isBlacklisted": "false",
    "socialId": "NULL",
    "provider": "NORMAL",
    "authority": "USER",
    "blacklists": [],
    "scraps": ["2024-75196", "2024-51872"]
  },
  {
    "userId": "b9e3d7a8-cf9b-4b18-bef1-b5acac7e84d7",
    "email": "emma.james122@gmail.com",
    "name": "김유진",
    "phoneNumber": "010-1938-2657",
    "nickname": "emma122",
    "password": "emma1224",
    "userCreate": "2024-09-18T17:55:00",
    "userImgUrl": "5123e3f8-12c3-42d3-9fad-5cbc808e0793.jpg",
    "profileText": "김유진입니다. 사람들과의 소통과 협업을 중요하게 여기며, 항상 더 나은 결과를 위해 노력합니다.",
    "userLastLogin": "2024-12-03T09:30:00",
    "isBlacklisted": "false",
    "socialId": "NULL",
    "provider": "NORMAL",
    "authority": "USER",
    "blacklists": [],
    "scraps": ["2024-74529", "2024-31428"]
  },
  {
    "userId": "f3d6b2a4-2f35-4080-a5b8-682c5e96a1f0",
    "email": "alex.smith539@gmail.com",
    "name": "김선희",
    "phoneNumber": "010-2468-1357",
    "nickname": "alex539",
    "password": "alex5398",
    "userCreate": "2024-10-01T13:00:00",
    "userImgUrl": "5123e3f8-12c3-42d3-9fad-5cbc808e0793.jpg",
    "profileText": "김선희입니다. 다양한 기술에 대한 깊은 관심을 가지고 있으며, 문제 해결을 위한 최적의 방법을 찾고 있습니다.",
    "userLastLogin": "2024-12-01T15:40:00",
    "isBlacklisted": "false",
    "socialId": "NULL",
    "provider": "NORMAL",
    "authority": "USER",
    "blacklists": [],
    "scraps": ["2024-92084", "2024-91563"]
  },
  {
    "userId": "a45d9d5f-6d88-4a6a-80f0-3cd21e2f748e",
    "email": "jason.lee547@gmail.com",
    "name": "박지민",
    "phoneNumber": "010-4725-6389",
    "nickname": "jason547",
    "password": "jason5473",
    "userCreate": "2024-11-18T08:45:00",
    "userImgUrl": "5123e3f8-12c3-42d3-9fad-5cbc808e0793.jpg",
    "profileText": "박지민입니다. 웹 개발에 관심이 많고, 다양한 프로젝트에서 협업하며 기술을 배우고 있습니다.",
    "userLastLogin": "2024-12-03T12:20:00",
    "isBlacklisted": "false",
    "socialId": "NULL",
    "provider": "NORMAL",
    "authority": "USER",
    "blacklists": [],
    "scraps": ["2024-59874", "2024-75196"]
  },
  {
    "userId": "d89a0c38-6f2d-4f91-b3a7-c63ab5e56990",
    "email": "lily.kim301@gmail.com",
    "name": "정수빈",
    "phoneNumber": "010-6548-9075",
    "nickname": "lily301",
    "password": "lily3017",
    "userCreate": "2024-09-29T10:15:00",
    "userImgUrl": "5123e3f8-12c3-42d3-9fad-5cbc808e0793.jpg",
    "profileText": "정수빈입니다. 디자인과 UI/UX에 대한 열정이 있으며, 창의적이고 혁신적인 디자인을 추구합니다.",
    "userLastLogin": "2024-12-01T13:45:00",
    "isBlacklisted": "false",
    "socialId": "NULL",
    "provider": "NORMAL",
    "authority": "USER",
    "blacklists": [],
    "scraps": ["2024-93204", "2024-53284"]
  },
  {
    "userId": "b9d2a3f7-7cb7-4713-b594-59feee0716a6",
    "email": "henry.kim842@gmail.com",
    "name": "강지원",
    "phoneNumber": "010-8425-6953",
    "nickname": "henry842",
    "password": "henry8421",
    "userCreate": "2024-10-13T14:00:00",
    "userImgUrl": "5123e3f8-12c3-42d3-9fad-5cbc808e0793.jpg",
    "profileText": "강지원입니다. 시스템 개발에 많은 관심을 가지고 있으며, 문제 해결을 위한 최적의 솔루션을 제시하는 것을 좋아합니다.",
    "userLastLogin": "2024-12-02T17:10:00",
    "isBlacklisted": "false",
    "socialId": "NULL",
    "provider": "NORMAL",
    "authority": "USER",
    "blacklists": [],
    "scraps": ["2024-45976", "2024-58492"]
  },
  {
    "userId": "f4c2a6e5-7d4d-45ab-9129-29b0f5f43b0b",
    "email": "grace.joo254@gmail.com",
    "name": "이현주",
    "phoneNumber": "010-2598-1473",
    "nickname": "grace254",
    "password": "grace2543",
    "userCreate": "2024-08-25T11:05:00",
    "userImgUrl": "5123e3f8-12c3-42d3-9fad-5cbc808e0793.jpg",
    "profileText": "이현주입니다. 소프트웨어 개발에 큰 관심이 있으며, 다양한 개발 환경을 경험하고 있습니다.",
    "userLastLogin": "2024-12-03T09:00:00",
    "isBlacklisted": "false",
    "socialId": "NULL",
    "provider": "NORMAL",
    "authority": "USER",
    "blacklists": [],
    "scraps": ["2024-37540", "2024-50783"]
  },
  {
    "userId": "c7e2b0a3-fbe5-4d32-850d-b5b09f60ca12",
    "email": "alexander.yoon234@gmail.com",
    "name": "박도현",
    "phoneNumber": "010-8391-5620",
    "nickname": "alex234",
    "password": "alex2345",
    "userCreate": "2024-11-20T17:50:00",
    "userImgUrl": "5123e3f8-12c3-42d3-9fad-5cbc808e0793.jpg",
    "profileText": "박도현입니다. 항상 기술을 배우고, 새로운 도전을 즐기며 개발에 열정을 쏟고 있습니다.",
    "userLastLogin": "2024-12-01T16:30:00",
    "isBlacklisted": "false",
    "socialId": "NULL",
    "provider": "NORMAL",
    "authority": "USER",
    "blacklists": [],
    "scraps": ["2024-74103", "2024-36784"]
  },
  {
    "userId": "cb7d4f85-efc9-4e3a-a8e6-47d7df5a7d3d",
    "email": "lucas.park987@gmail.com",
    "name": "김재훈",
    "phoneNumber": "010-3598-2468",
    "nickname": "lucas987",
    "password": "lucas9876",
    "userCreate": "2024-11-11T09:30:00",
    "userImgUrl": "5123e3f8-12c3-42d3-9fad-5cbc808e0793.jpg",
    "profileText": "김재훈입니다. 기술과 혁신적인 솔루션을 좋아하며, 새로운 도전에 열정을 가지고 있습니다.",
    "userLastLogin": "2024-12-03T11:20:00",
    "isBlacklisted": "false",
    "socialId": "NULL",
    "provider": "NORMAL",
    "authority": "USER",
    "blacklists": [],
    "scraps": ["2024-61802", "2024-33215"]
  },
  {
    "userId": "a6b1c847-cf12-452f-b211-cb3d8853d56c",
    "email": "emily.choi730@gmail.com",
    "name": "이세연",
    "phoneNumber": "010-3721-5849",
    "nickname": "emily730",
    "password": "emily7301",
    "userCreate": "2024-09-07T14:10:00",
    "userImgUrl": "5123e3f8-12c3-42d3-9fad-5cbc808e0793.jpg",
    "profileText": "이세연입니다. 창의적 문제 해결을 위해 다양한 관점을 탐구하며, 협업을 즐깁니다.",
    "userLastLogin": "2024-12-02T10:40:00",
    "isBlacklisted": "false",
    "socialId": "NULL",
    "provider": "NORMAL",
    "authority": "USER",
    "blacklists": [],
    "scraps": ["2024-92048", "2024-14523"]
  },
  {
    "userId": "d4f3d2f8-dfcd-4c5c-b27f-b5c458a81c02",
    "email": "isabella.kim823@gmail.com",
    "name": "최유진",
    "phoneNumber": "010-8297-3145",
    "nickname": "isabella823",
    "password": "isabella8230",
    "userCreate": "2024-11-02T15:30:00",
    "userImgUrl": "5123e3f8-12c3-42d3-9fad-5cbc808e0793.jpg",
    "profileText": "최유진입니다. 데이터 분석과 인공지능 분야에 흥미를 가지고, 꾸준히 공부하고 있습니다.",
    "userLastLogin": "2024-12-01T13:50:00",
    "isBlacklisted": "false",
    "socialId": "NULL",
    "provider": "NORMAL",
    "authority": "USER",
    "blacklists": [],
    "scraps": ["2024-74103", "2024-50628"]
  },
  {
    "userId": "e1b0a4f2-c9bb-453a-b87e-df49ab23b34c",
    "email": "olivia.jung543@gmail.com",
    "name": "정현주",
    "phoneNumber": "010-8361-5278",
    "nickname": "olivia543",
    "password": "olivia5432",
    "userCreate": "2024-10-19T10:20:00",
    "userImgUrl": "5123e3f8-12c3-42d3-9fad-5cbc808e0793.jpg",
    "profileText": "정현주입니다. 신기술과 혁신적인 아이디어에 관심이 많으며, 문제 해결을 위한 창의적 접근을 즐깁니다.",
    "userLastLogin": "2024-12-02T08:15:00",
    "isBlacklisted": "false",
    "socialId": "NULL",
    "provider": "NORMAL",
    "authority": "USER",
    "blacklists": [],
    "scraps": ["2024-13946", "2024-73120"]
  },
  {
    "userId": "a84d3a16-e5bb-4f2f-91e2-557ffebd5b79",
    "email": "noah.kang673@gmail.com",
    "name": "강윤희",
    "phoneNumber": "010-3749-7625",
    "nickname": "noah673",
    "password": "noah6735",
    "userCreate": "2024-08-12T11:50:00",
    "userImgUrl": "5123e3f8-12c3-42d3-9fad-5cbc808e0793.jpg",
    "profileText": "강윤희입니다. 웹 애플리케이션 개발과 보안 분야에 깊은 관심을 가지고 있습니다.",
    "userLastLogin": "2024-12-03T14:00:00",
    "isBlacklisted": "false",
    "socialId": "NULL",
    "provider": "NORMAL",
    "authority": "USER",
    "blacklists": [],
    "scraps": ["2024-74529", "2024-93204"]
  },
  {
    "userId": "e1a735c6-df9f-4c97-9708-e5b5c5201d0d",
    "email": "jake.lee502@gmail.com",
    "name": "이재호",
    "phoneNumber": "010-2956-4832",
    "nickname": "jake502",
    "password": "jake5023",
    "userCreate": "2024-11-01T12:00:00",
    "userImgUrl": "5123e3f8-12c3-42d3-9fad-5cbc808e0793.jpg",
    "profileText": "이재호입니다. 기술적 문제 해결에 대한 도전을 즐기며, 항상 새로운 기술을 배우고 있습니다.",
    "userLastLogin": "2024-12-02T16:30:00",
    "isBlacklisted": "false",
    "socialId": "NULL",
    "provider": "NORMAL",
    "authority": "USER",
    "blacklists": [],
    "scraps": ["2024-91268", "2024-98742"]
  },
  {
    "userId": "cbe781bc-04a1-4c3e-b5ca-cbe7229824f7",
    "email": "sophia.choi312@gmail.com",
    "name": "최수현",
    "phoneNumber": "010-8472-9301",
    "nickname": "sophia312",
    "password": "sophia3120",
    "userCreate": "2024-10-24T08:30:00",
    "userImgUrl": "5123e3f8-12c3-42d3-9fad-5cbc808e0793.jpg",
    "profileText": "최수현입니다. 데이터 분석에 관심이 많으며, 항상 새로운 트렌드와 기술을 탐구하고 있습니다.",
    "userLastLogin": "2024-12-02T13:10:00",
    "isBlacklisted": "false",
    "socialId": "NULL",
    "provider": "NORMAL",
    "authority": "USER",
    "blacklists": [],
    "scraps": ["2024-73120", "2024-92048"]
  },
  {
    "userId": "f7d9f3b8-d3a0-4667-b697-6c33b54887ea",
    "email": "ella.park580@gmail.com",
    "name": "박민영",
    "phoneNumber": "010-9032-1168",
    "nickname": "ella580",
    "password": "ella5802",
    "userCreate": "2024-07-15T10:00:00",
    "userImgUrl": "5123e3f8-12c3-42d3-9fad-5cbc808e0793.jpg",
    "profileText": "박민영입니다. IT 분야에서 다양한 프로젝트를 경험하며, 최신 기술을 지속적으로 배우고 있습니다.",
    "userLastLogin": "2024-12-01T14:40:00",
    "isBlacklisted": "false",
    "socialId": "NULL",
    "provider": "NORMAL",
    "authority": "USER",
    "blacklists": [],
    "scraps": ["2024-39016", "2024-83125"]
  },
  {
    "userId": "dfaa2200-d498-4ae5-8d8a-c29dbde4d3f1",
    "email": "lisa.choi760@gmail.com",
    "name": "최지영",
    "phoneNumber": "010-3762-8407",
    "nickname": "lisa760",
    "password": "lisa7601",
    "userCreate": "2024-09-03T11:45:00",
    "userImgUrl": "5123e3f8-12c3-42d3-9fad-5cbc808e0793.jpg",
    "profileText": "최지영입니다. 디자인과 창의적 사고에 대한 열정을 가지고 있으며, 소프트웨어 개발에도 흥미가 많습니다.",
    "userLastLogin": "2024-12-02T17:00:00",
    "isBlacklisted": "false",
    "socialId": "NULL",
    "provider": "NORMAL",
    "authority": "USER",
    "blacklists": [],
    "scraps": ["2024-45193", "2024-98372"]
  },
  {
    "userId": "f2b988cb-91be-4f0b-91e5-99f0f870f704",
    "email": "chris.kim678@gmail.com",
    "name": "김승우",
    "phoneNumber": "010-4823-1587",
    "nickname": "chris678",
    "password": "chris6780",
    "userCreate": "2024-10-12T13:20:00",
    "userImgUrl": "5123e3f8-12c3-42d3-9fad-5cbc808e0793.jpg",
    "profileText": "김승우입니다. 클라우드 컴퓨팅과 사이버 보안에 대한 깊은 관심을 가지고 있으며, 최신 기술을 배우는 것을 즐깁니다.",
    "userLastLogin": "2024-12-03T15:10:00",
    "isBlacklisted": "false",
    "socialId": "NULL",
    "provider": "NORMAL",
    "authority": "USER",
    "blacklists": [],
    "scraps": ["2024-13792", "2024-90451"]
  },
  {
    "userId": "d71cbe2e-4b22-4659-bf68-2b06be6decb3",
    "email": "john.doe982@gmail.com",
    "name": "김진우",
    "phoneNumber": "010-2359-6821",
    "nickname": "john982",
    "password": "john9823",
    "userCreate": "2024-08-15T10:15:00",
    "userImgUrl": "5123e3f8-12c3-42d3-9fad-5cbc808e0793.jpg",
    "profileText": "김진우입니다. 기술과 창의적인 문제 해결을 좋아하며, 다양한 분야에 관심을 가지고 있습니다.",
    "userLastLogin": "2024-11-20T08:45:00",
    "isBlacklisted": "true",
    "socialId": "NULL",
    "provider": "NORMAL",
    "authority": "USER",
    "blacklists": [
      {
        "blackedDate": "2024-11-10T09:30:00",
        "blackReason": "Abusive behavior"
      }
    ],
    "scraps": ["2024-58712", "2024-36784"]
  },
  {
    "userId": "a6f8e6a5-e728-4667-ae87-6a87e0e3a0db",
    "email": "sarah.kim273@gmail.com",
    "name": "김수영",
    "phoneNumber": "010-6742-5189",
    "nickname": "sarah273",
    "password": "sarah2730",
    "userCreate": "2024-09-22T11:30:00",
    "userImgUrl": "5123e3f8-12c3-42d3-9fad-5cbc808e0793.jpg",
    "profileText": "김수영입니다. 사람들과의 소통을 좋아하며, 다양한 취미와 활동을 즐깁니다.",
    "userLastLogin": "2024-11-18T13:40:00",
    "isBlacklisted": "true",
    "socialId": "NULL",
    "provider": "NORMAL",
    "authority": "USER",
    "blacklists": [
      {
        "blackedDate": "2024-11-10T09:30:00",
        "blackReason": "Abusive behavior"
      }
    ],
    "scraps": ["2024-53284", "2024-98431"]
  },
  {
    "userId": "bce193d9-94d2-48a3-b5ea-c9d3fefbb5d9",
    "email": "mike.choi563@gmail.com",
    "name": "최우혁",
    "phoneNumber": "010-9263-7482",
    "nickname": "mike563",
    "password": "mike5630",
    "userCreate": "2024-07-30T16:50:00",
    "userImgUrl": "5123e3f8-12c3-42d3-9fad-5cbc808e0793.jpg",
    "profileText": "최우혁입니다. 새로운 도전과 기술을 좋아하며, 끊임없이 배워나가고 있습니다.",
    "userLastLogin": "2024-11-12T10:00:00",
    "isBlacklisted": "true",
    "socialId": "NULL",
    "provider": "NORMAL",
    "authority": "USER",
    "blacklists": [
      {
        "blackedDate": "2024-11-10T09:30:00",
        "blackReason": "Abusive behavior"
      }
    ],
    "scraps": ["2024-31982", "2024-24567"]
  },
  {
    "userId": "f8a6d9b3-c7ff-4b4c-931f-dc62d5bc982e",
    "email": "emily.lee125@gmail.com",
    "name": "이유정",
    "phoneNumber": "010-5817-9342",
    "nickname": "emily125",
    "password": "emily1251",
    "userCreate": "2024-10-10T12:05:00",
    "userImgUrl": "5123e3f8-12c3-42d3-9fad-5cbc808e0793.jpg",
    "profileText": "이유정입니다. 여행과 탐험을 좋아하며, 항상 새로운 경험을 추구합니다.",
    "userLastLogin": "2024-11-21T14:30:00",
    "isBlacklisted": "true",
    "socialId": "NULL",
    "provider": "NORMAL",
    "authority": "USER",
    "blacklists": [
      {
        "blackedDate": "2024-11-10T09:30:00",
        "blackReason": "Abusive behavior"
      }
    ],
    "scraps": ["2024-84782", "2024-38165"]
  },
  {
    "userId": "09aef15d-f5ea-4d9b-90c6-7f107983a7a7",
    "email": "alex.park871@gmail.com",
    "name": "박철수",
    "phoneNumber": "010-3857-2391",
    "nickname": "alex871",
    "password": "alex8712",
    "userCreate": "2024-08-22T13:45:00",
    "userImgUrl": "5123e3f8-12c3-42d3-9fad-5cbc808e0793.jpg",
    "profileText": "박철수입니다. AI와 머신러닝을 전공하고 있으며, 기술 발전에 대한 깊은 관심을 가지고 있습니다.",
    "userLastLogin": "2024-11-15T15:25:00",
    "isBlacklisted": "true",
    "socialId": "NULL",
    "provider": "NORMAL",
    "authority": "USER",
    "blacklists": [
      {
        "blackedDate": "2024-11-10T09:30:00",
        "blackReason": "Abusive behavior"
      }
    ],
    "scraps": ["2024-68490", "2024-83126"]
  }
]
