[
  {
    "requestId": 1,
    "phoneNum": "010-3456-7890",
    "visitDate": "2024-12-10",
    "visitTime": "TIME2",
    "visitPurpose": "VISIT",
    "visitContent": "방문 요청 내용: 고객 서비스 상담을 위해 방문을 요청합니다. 추가로 제품 문의도 진행하고 싶습니다.",
    "visitRequestAuthor": "sujin94",
    "visitCreatedAt": "2024-12-09T10:00:00"
  },
  {
    "requestId": 2,
    "phoneNum": "010-4567-8901",
    "visitDate": "2024-12-11",
    "visitTime": "TIME3",
    "visitPurpose": "ADOPT",
    "visitContent": "방문 요청 내용: 입양을 위한 상담을 요청드립니다. 집안 환경을 확인하고 싶습니다.",
    "visitRequestAuthor": "mike23",
    "visitCreatedAt": "2024-12-10T09:00:00"
  },
  {
    "requestId": 3,
    "phoneNum": "010-5678-9012",
    "visitDate": "2024-12-12",
    "visitTime": "TIME4",
    "visitPurpose": "DONATE",
    "visitContent": "방문 요청 내용: 기부를 진행하려고 합니다. 필요한 물품에 대한 정보도 알고 싶습니다.",
    "visitRequestAuthor": "steve1980",
    "visitCreatedAt": "2024-12-11T10:30:00"
  },
  {
    "requestId": 4,
    "phoneNum": "010-6789-0123",
    "visitDate": "2024-12-13",
    "visitTime": "TIME5",
    "visitPurpose": "SERVICE",
    "visitContent": "방문 요청 내용: 고객 서비스에 관한 문제 해결을 위해 방문 요청드립니다.",
    "visitRequestAuthor": "alice123",
    "visitCreatedAt": "2024-12-12T08:45:00"
  },
  {
    "requestId": 5,
    "phoneNum": "010-1234-5678",
    "visitDate": "2024-12-14",
    "visitTime": "TIME6",
    "visitPurpose": "OTHER",
    "visitContent": "방문 요청 내용: 기타 문제로 상담을 요청드립니다. 자세한 내용은 방문 후 설명드리겠습니다.",
    "visitRequestAuthor": "jackson123",
    "visitCreatedAt": "2024-12-13T11:00:00"
  },
  {
    "requestId": 6,
    "phoneNum": "010-2345-6789",
    "visitDate": "2024-12-15",
    "visitTime": "TIME1",
    "visitPurpose": "VISIT",
    "visitContent": "방문 요청 내용: 시설 점검 및 미팅을 위해 방문을 요청드립니다.",
    "visitRequestAuthor": "mike987",
    "visitCreatedAt": "2024-12-14T14:00:00"
  },
  {
    "requestId": 7,
    "phoneNum": "010-3456-7890",
    "visitDate": "2024-12-16",
    "visitTime": "TIME2",
    "visitPurpose": "DONATE",
    "visitContent": "방문 요청 내용: 기부금과 필요한 물품들을 전달하고자 합니다.",
    "visitRequestAuthor": "emily321",
    "visitCreatedAt": "2024-12-15T16:00:00"
  },
  {
    "requestId": 8,
    "phoneNum": "010-5678-9012",
    "visitDate": "2024-12-17",
    "visitTime": "TIME3",
    "visitPurpose": "ADOPT",
    "visitContent": "방문 요청 내용: 입양을 위한 상담을 요청드립니다. 입양 절차에 대해 알고 싶습니다.",
    "visitRequestAuthor": "susie456",
    "visitCreatedAt": "2024-12-16T09:30:00"
  },
  {
    "requestId": 9,
    "phoneNum": "010-6789-0123",
    "visitDate": "2024-12-18",
    "visitTime": "TIME4",
    "visitPurpose": "SERVICE",
    "visitContent": "방문 요청 내용: 제품 수리 및 점검을 위해 서비스팀의 방문을 요청드립니다.",
    "visitRequestAuthor": "lily789",
    "visitCreatedAt": "2024-12-17T15:45:00"
  },
  {
    "requestId": 10,
    "phoneNum": "010-1234-5678",
    "visitDate": "2024-12-19",
    "visitTime": "TIME5",
    "visitPurpose": "OTHER",
    "visitContent": "방문 요청 내용: 기타 문의 사항에 대해 직접 상담을 요청합니다.",
    "visitRequestAuthor": "daniel234",
    "visitCreatedAt": "2024-12-18T13:00:00"
  },
  {
    "requestId": 11,
    "phoneNum": "010-2345-6789",
    "visitDate": "2024-12-20",
    "visitTime": "TIME6",
    "visitPurpose": "VISIT",
    "visitContent": "방문 요청 내용: 제품 설명 및 서비스 지원을 위한 방문을 요청드립니다.",
    "visitRequestAuthor": "alex567",
    "visitCreatedAt": "2024-12-19T09:00:00"
  },
  {
    "requestId": 12,
    "phoneNum": "010-3456-7890",
    "visitDate": "2024-12-21",
    "visitTime": "TIME1",
    "visitPurpose": "SERVICE",
    "visitContent": "방문 요청 내용: 서비스 진행을 위한 기술 지원을 요청드립니다.",
    "visitRequestAuthor": "lucas789",
    "visitCreatedAt": "2024-12-20T10:30:00"
  },
  {
    "requestId": 13,
    "phoneNum": "010-5678-9012",
    "visitDate": "2024-12-22",
    "visitTime": "TIME2",
    "visitPurpose": "ADOPT",
    "visitContent": "방문 요청 내용: 입양 절차에 대한 정보를 얻기 위해 방문을 요청드립니다.",
    "visitRequestAuthor": "james1123",
    "visitCreatedAt": "2024-12-21T11:00:00"
  },
  {
    "requestId": 14,
    "phoneNum": "010-6789-0123",
    "visitDate": "2024-12-23",
    "visitTime": "TIME3",
    "visitPurpose": "DONATE",
    "visitContent": "방문 요청 내용: 기부를 위해 필요한 절차와 물품에 대해 안내 받기를 원합니다.",
    "visitRequestAuthor": "sophia876",
    "visitCreatedAt": "2024-12-22T14:00:00"
  },
  {
    "requestId": 15,
    "phoneNum": "010-1234-5678",
    "visitDate": "2024-12-24",
    "visitTime": "TIME4",
    "visitPurpose": "OTHER",
    "visitContent": "방문 요청 내용: 기타 여러 가지 문의 사항에 대해 직접 상담을 요청합니다.",
    "visitRequestAuthor": "julia567",
    "visitCreatedAt": "2024-12-23T09:00:00"
  },
  {
    "requestId": 16,
    "phoneNum": "010-2345-6789",
    "visitDate": "2024-12-25",
    "visitTime": "TIME5",
    "visitPurpose": "VISIT",
    "visitContent": "방문 요청 내용: 상담을 요청하며, 제품에 대한 자세한 설명을 듣고 싶습니다.",
    "visitRequestAuthor": "ella345",
    "visitCreatedAt": "2024-12-24T12:00:00"
  },
  {
    "requestId": 17,
    "phoneNum": "010-3456-7890",
    "visitDate": "2024-12-26",
    "visitTime": "TIME6",
    "visitPurpose": "ADOPT",
    "visitContent": "방문 요청 내용: 입양 가능 여부와 절차에 대한 상담을 받고자 합니다.",
    "visitRequestAuthor": "lucas876",
    "visitCreatedAt": "2024-12-25T08:30:00"
  },
  {
    "requestId": 18,
    "phoneNum": "010-5678-9012",
    "visitDate": "2024-12-27",
    "visitTime": "TIME1",
    "visitPurpose": "SERVICE",
    "visitContent": "방문 요청 내용: 서비스 관련 지원이 필요하여 방문을 요청합니다.",
    "visitRequestAuthor": "olivia123",
    "visitCreatedAt": "2024-12-26T13:00:00"
  },
  {
    "requestId": 19,
    "phoneNum": "010-6789-0123",
    "visitDate": "2024-12-28",
    "visitTime": "TIME2",
    "visitPurpose": "DONATE",
    "visitContent": "방문 요청 내용: 기부할 물품에 대한 안내를 받고 싶습니다.",
    "visitRequestAuthor": "sophia987",
    "visitCreatedAt": "2024-12-27T11:15:00"
  },
  {
    "requestId": 20,
    "phoneNum": "010-1234-5678",
    "visitDate": "2024-12-29",
    "visitTime": "TIME3",
    "visitPurpose": "OTHER",
    "visitContent": "방문 요청 내용: 기타 문의 사항에 대한 해결을 요청합니다.",
    "visitRequestAuthor": "kylie567",
    "visitCreatedAt": "2024-12-28T14:00:00"
  },
  {
    "requestId": 21,
    "phoneNum": "010-2468-1357",
    "visitDate": "2024-12-30",
    "visitTime": "TIME4",
    "visitPurpose": "VISIT",
    "visitContent": "방문 요청 내용: 서비스 관련 문의 및 상담을 위해 방문을 요청드립니다.",
    "visitRequestAuthor": "alex539",
    "visitCreatedAt": "2024-12-29T10:00:00"
  },
  {
    "requestId": 22,
    "phoneNum": "010-3579-4680",
    "visitDate": "2024-12-31",
    "visitTime": "TIME5",
    "visitPurpose": "SERVICE",
    "visitContent": "방문 요청 내용: 기술적인 지원과 서비스를 요청드립니다. 문제 해결을 위해 방문을 요청합니다.",
    "visitRequestAuthor": "nathan432",
    "visitCreatedAt": "2024-12-30T14:30:00"
  },
  {
    "requestId": 23,
    "phoneNum": "010-5678-1234",
    "visitDate": "2025-01-01",
    "visitTime": "TIME6",
    "visitPurpose": "DONATE",
    "visitContent": "방문 요청 내용: 기부를 위한 물품 전달을 요청드립니다.",
    "visitRequestAuthor": "olivia876",
    "visitCreatedAt": "2024-12-31T09:00:00"
  },
  {
    "requestId": 24,
    "phoneNum": "010-6543-9876",
    "visitDate": "2025-01-02",
    "visitTime": "TIME1",
    "visitPurpose": "ADOPT",
    "visitContent": "방문 요청 내용: 입양에 관한 상담을 요청합니다. 입양 절차를 설명해 주세요.",
    "visitRequestAuthor": "sophia892",
    "visitCreatedAt": "2025-01-01T11:00:00"
  },
  {
    "requestId": 25,
    "phoneNum": "010-7654-3210",
    "visitDate": "2025-01-03",
    "visitTime": "TIME2",
    "visitPurpose": "OTHER",
    "visitContent": "방문 요청 내용: 기타 문의 사항에 대해 상담을 요청합니다.",
    "visitRequestAuthor": "michael334",
    "visitCreatedAt": "2025-01-02T12:00:00"
  },
  {
    "requestId": 26,
    "phoneNum": "010-4321-9876",
    "visitDate": "2025-01-04",
    "visitTime": "TIME3",
    "visitPurpose": "VISIT",
    "visitContent": "방문 요청 내용: 제품을 사용해본 후 더 많은 정보가 필요하여 방문을 요청드립니다.",
    "visitRequestAuthor": "olivia657",
    "visitCreatedAt": "2025-01-03T13:30:00"
  },
  {
    "requestId": 27,
    "phoneNum": "010-1938-2657",
    "visitDate": "2025-01-05",
    "visitTime": "TIME4",
    "visitPurpose": "ADOPT",
    "visitContent": "방문 요청 내용: 입양을 고려하고 있으며, 관련 절차에 대해 상담을 받고 싶습니다.",
    "visitRequestAuthor": "emma122",
    "visitCreatedAt": "2025-01-04T14:00:00"
  },
  {
    "requestId": 28,
    "phoneNum": "010-2468-1357",
    "visitDate": "2025-01-06",
    "visitTime": "TIME5",
    "visitPurpose": "SERVICE",
    "visitContent": "방문 요청 내용: 기술 지원을 위한 서비스 방문을 요청드립니다.",
    "visitRequestAuthor": "alex539",
    "visitCreatedAt": "2025-01-05T10:00:00"
  },
  {
    "requestId": 29,
    "phoneNum": "010-4725-6389",
    "visitDate": "2025-01-07",
    "visitTime": "TIME6",
    "visitPurpose": "DONATE",
    "visitContent": "방문 요청 내용: 기부를 위해 필요한 물품을 전달하고 싶습니다.",
    "visitRequestAuthor": "jason547",
    "visitCreatedAt": "2025-01-06T11:30:00"
  },
  {
    "requestId": 30,
    "phoneNum": "010-6548-9075",
    "visitDate": "2025-01-08",
    "visitTime": "TIME1",
    "visitPurpose": "OTHER",
    "visitContent": "방문 요청 내용: 기타 문의 사항에 대해 상담을 요청합니다.",
    "visitRequestAuthor": "lily301",
    "visitCreatedAt": "2025-01-07T12:30:00"
  }
]
