[
    {
        "post_uid": "012348c2-b5af-4612-ae40-7a85051e4206",
        "delete_reason": "NULL",
        "is_deleted": 0,
        "post_category": "BUYANDSELL",
        "post_content": "\uACE0\uAE09 \uAC15\uC544\uC9C0 \uBC30\uBCC0\uD328\uB4DC\uB97C \uD310\uB9E4\uD569\uB2C8\uB2E4. \uD55C \uBC15\uC2A4\uC5D0 100\uB9E4 \uB4E4\uC5B4\uC788\uC73C\uBA70, \uD761\uC218\uB825\uC774 \uB6F0\uC5B4\uB098\uACE0 \uB0C4\uC0C8 \uCC28\uB2E8 \uAE30\uB2A5\uC774 \uD0C1\uC6D4\uD569\uB2C8\uB2E4. \uC0C1\uD0DC \uB9E4\uC6B0 \uC88B\uACE0, \uC0AC\uC6A9\uAE30\uD55C\uC740 2025\uB144 5\uC6D4\uAE4C\uC9C0\uC785\uB2C8\uB2E4. \uAC00\uACA9\uC740 20,000\uC6D0\uC785\uB2C8\uB2E4. \uD544\uC694\uD558\uC2E0 \uBD84\uC740 \uC5F0\uB77D \uC8FC\uC138\uC694.",
        "post_created_at": "2024-12-03 20:15:00.000000",
        "post_id": 25,
        "post_img_url": "[\"a90975fb-79d5-4487-9289-60c12b727023.jpg\"]",
        "post_title": "\uACE0\uAE09 \uAC15\uC544\uC9C0 \uBC30\uBCC0\uD328\uB4DC \uD310\uB9E4\uD569\uB2C8\uB2E4",
        "post_updated_at": "2024-12-03 20:15:00.000000",
        "post_view_count": 150,
        "user_id": "506bedb9-fa45-4700-8372-bee147a12ec2"
    },
    {
        "post_uid": "04bdd6bd-91a8-4e30-a675-c8183345066c",
        "delete_reason": "NULL",
        "is_deleted": 0,
        "post_category": "BUYANDSELL",
        "post_content": "\uACE0\uC591\uC774 \uC7A5\uB09C\uAC10 \uC138\uD2B8 \uD310\uB9E4\uD569\uB2C8\uB2E4. \uACE0\uC591\uC774\uAC00 \uC88B\uC544\uD560 \uB9CC\uD55C \uD130\uB110, \uACF5, \uB808\uC774\uC800 \uD3EC\uC778\uD130 \uB4F1\uC774 \uD3EC\uD568\uB418\uC5B4 \uC788\uC2B5\uB2C8\uB2E4. \uC0C8 \uC81C\uD488\uC73C\uB85C \uD55C \uBC88\uB3C4 \uC0AC\uC6A9\uD558\uC9C0 \uC54A\uC558\uC2B5\uB2C8\uB2E4.",
        "post_created_at": "2024-12-04 04:00:00.000000",
        "post_id": 40,
        "post_img_url": "[\"91cdbada-0dde-466e-94f7-a9b5ad334bee.jpg\"]",
        "post_title": "\uACE0\uC591\uC774 \uC7A5\uB09C\uAC10 \uC138\uD2B8 \uD31D\uB2C8\uB2E4! \uD130\uB110, \uACF5, \uB808\uC774\uC800 \uD3EC\uC778\uD130",
        "post_updated_at": "2024-12-04 04:00:00.000000",
        "post_view_count": 150,
        "user_id": "8fb98fb6-6b3c-4a00-92f8-68a0f53bf0ae"
    },
    {
        "post_uid": "07f6ef86-e9a4-4d85-a6fd-2629f4155dbd",
        "delete_reason": "NULL",
        "is_deleted": 0,
        "post_category": "REPORT",
        "post_content": "\uB3D9\uBB3C \uC2DC\uC7A5\uC5D0\uC11C \uBD88\uBC95 \uBC00\uB9E4\uAC00 \uC758\uC2EC\uB418\uB294 \uC0C1\uD669\uC744 \uBAA9\uACA9\uD588\uC2B5\uB2C8\uB2E4. \uC5EC\uB7EC \uC885\uB958\uC758 \uB3D9\uBB3C\uB4E4\uC774 \uD569\uBC95\uC801\uC778 \uC808\uCC28 \uC5C6\uC774 \uD310\uB9E4\uB418\uACE0 \uC788\uC73C\uBA70, \uC774\uC5D0 \uB300\uD574 \uC2E0\uACE0\uD558\uACE0\uC790 \uD569\uB2C8\uB2E4.",
        "post_created_at": "2024-12-04 13:30:00.000000",
        "post_id": 52,
        "post_img_url": "[\"e69158cc-0a3a-41c5-a966-fdc0f34c83ea.jpg\"]",
        "post_title": "\uBD88\uBC95 \uB3D9\uBB3C \uBC00\uB9E4 \uC758\uC2EC \uC2E0\uACE0",
        "post_updated_at": "2024-12-04 13:30:00.000000",
        "post_view_count": 300,
        "user_id": "99571590-bf45-4ad0-ac32-de1c7cb1b1ff"
    },
    {
        "post_uid": "080d15fe-cf39-424e-a67d-e17bc1de534d",
        "delete_reason": "NULL",
        "is_deleted": 0,
        "post_category": "REPORT",
        "post_content": "\uC628\uB77C\uC778\uC5D0\uC11C \uBD88\uBC95 \uC560\uC644\uB3D9\uBB3C \uD310\uB9E4\uC790\uAC00 \uC788\uC74C\uC744 \uD655\uC778\uD588\uC2B5\uB2C8\uB2E4. \uD2B9\uC815 \uC0AC\uC774\uD2B8\uC5D0\uC11C \uBD88\uBC95\uC801\uC73C\uB85C \uC560\uC644\uB3D9\uBB3C\uC744 \uD310\uB9E4\uD558\uACE0 \uC788\uC73C\uBA70, \uC774\uB294 \uB3D9\uBB3C \uBCF4\uD638\uBC95\uC744 \uC704\uBC18\uD55C \uD589\uC704\uC785\uB2C8\uB2E4. \uC2E0\uACE0\uD569\uB2C8\uB2E4.",
        "post_created_at": "2024-12-04 08:00:00.000000",
        "post_id": 44,
        "post_img_url": "[\"ff723a2c-a9b4-4baa-b272-bc18a231af74.jpg\"]",
        "post_title": "\uBD88\uBC95 \uC560\uC644\uB3D9\uBB3C \uD310\uB9E4 \uC2E0\uACE0\uD569\uB2C8\uB2E4",
        "post_updated_at": "2024-12-04 08:00:00.000000",
        "post_view_count": 180,
        "user_id": "54a8cbc2-b17e-419a-b22f-8cf7bb795c29"
    },
    {
        "post_uid": "0936f880-ef1f-4966-9468-87174b5ecb40",
        "delete_reason": "NULL",
        "is_deleted": 0,
        "post_category": "FINDCHILD",
        "post_content": "2024\uB144 12\uC6D4 2\uC77C \uB300\uC804 \uC911\uAD6C\uC5D0\uC11C \uAC80\uC740\uC0C9 \uACE0\uC591\uC774\uAC00 \uC2E4\uC885\uB418\uC5C8\uC2B5\uB2C8\uB2E4. \uC131\uACA9\uC774 \uB9E4\uC6B0 \uC628\uC21C\uD558\uBA70, \uBAA9\uC5D0 \uD558\uC580\uC0C9 \uBAA9\uAC78\uC774\uB97C \uCC29\uC6A9\uD558\uACE0 \uC788\uC2B5\uB2C8\uB2E4. \uCC3E\uC73C\uC2E0 \uBD84\uC740 \uC5F0\uB77D \uBD80\uD0C1\uB4DC\uB9BD\uB2C8\uB2E4.",
        "post_created_at": "2024-12-03 20:00:00.000000",
        "post_id": 24,
        "post_img_url": "[\"d63c38c7-a3e2-4b21-bc7c-f0a091db64fe.jpg\"]",
        "post_title": "\uB300\uC804 \uC911\uAD6C\uC5D0\uC11C \uC2E4\uC885\uB41C \uACE0\uC591\uC774 \uCC3E\uC2B5\uB2C8\uB2E4",
        "post_updated_at": "2024-12-03 20:00:00.000000",
        "post_view_count": 280,
        "user_id": "9790d693-9538-4950-b6d9-e01befcbadac"
    },
    {
        "post_uid": "09b0f7ab-6e9f-48e5-bb18-206f05e9c073",
        "delete_reason": "NULL",
        "is_deleted": 0,
        "post_category": "",
        "post_content": "\uC0C8\uB85C\uC6B4 \uAC00\uC871\uC744 \uAE30\uB2E4\uB9AC\uB294 \uC720\uAE30\uACAC\uB4E4\uC744 \uC18C\uAC1C\uD569\uB2C8\uB2E4. \uB2E4\uC591\uD55C \uD488\uC885\uC758 \uC720\uAE30\uACAC\uB4E4\uC774 \uC785\uC591\uC744 \uAE30\uB2E4\uB9AC\uACE0 \uC788\uC2B5\uB2C8\uB2E4. \uAD00\uC2EC\uC774 \uC788\uB294 \uBD84\uB4E4\uC740 \uBCF4\uD638\uC18C\uB97C \uBC29\uBB38\uD558\uC5EC \uC0C1\uB2F4\uC744 \uBC1B\uC73C\uC138\uC694.",
        "post_created_at": "2024-12-04 19:00:00.000000",
        "post_id": 70,
        "post_img_url": "[]",
        "post_title": "\uC720\uAE30\uACAC \uBCF4\uD638\uC18C \uC2E0\uADDC \uC785\uC591\uACAC \uC18C\uAC1C",
        "post_updated_at": "2024-12-04 19:00:00.000000",
        "post_view_count": 180,
        "user_id": "dcb02621-65da-489b-98f7-0cbe85386d92"
    },
    {
        "post_uid": "0ab97bf5-b85b-4ed5-bddc-43565eb790a9",
        "delete_reason": "NULL",
        "is_deleted": 0,
        "post_category": "ADOPTREVIEW",
        "post_content": "\uC785\uC591\uD55C \uC9C0 \uD558\uB8E8\uAC00 \uC9C0\uB0AC\uC2B5\uB2C8\uB2E4! \uCC98\uC74C\uC5D0\uB294 \uC870\uAE08 \uB0AF\uC124\uC5B4\uD588\uC9C0\uB9CC, \uC774\uC81C\uB294 \uC6B0\uB9AC \uC9D1\uC5D0\uC11C \uD3B8\uC548\uD558\uAC8C \uC9C0\uB0B4\uACE0 \uC788\uC5B4\uC694. \uB108\uBB34 \uC0AC\uB791\uC2A4\uB7EC\uC6B4 \uAC15\uC544\uC9C0\uC785\uB2C8\uB2E4. \uD568\uAED8\uD55C \uC2DC\uAC04\uB4E4\uC774 \uB108\uBB34 \uD589\uBCF5\uD574\uC694.",
        "post_created_at": "2024-12-01 10:00:00.000000",
        "post_id": 2,
        "post_img_url": "[\"72c1e44d-a14e-4ddf-bd8c-4ac217687981.jpg\"]",
        "post_title": "\uC6B0\uB9AC \uAC15\uC544\uC9C0 \uC785\uC591 \uD6C4 \uCCAB\uB0A0 \uC774\uC57C\uAE30",
        "post_updated_at": "2024-12-01 10:00:00.000000",
        "post_view_count": 512,
        "user_id": "8fcc64bc-6018-4f24-9dce-ae7160bf106b"
    },
    {
        "post_uid": "0b453864-7834-42ed-bb42-d82f9d7240f2",
        "delete_reason": "NULL",
        "is_deleted": 0,
        "post_category": "BUYANDSELL",
        "post_content": "\uACE0\uAE09 \uC2A4\uD14C\uC778\uB9AC\uC2A4 \uAC15\uC544\uC9C0 \uC0AC\uB8CC \uADF8\uB987 \uC138\uD2B8\uB97C \uD310\uB9E4\uD569\uB2C8\uB2E4. 2\uAC1C \uC138\uD2B8\uB85C, \uB0B4\uAD6C\uC131\uC774 \uB6F0\uC5B4\uB098\uBA70, \uCCAD\uC18C\uAC00 \uAC04\uD3B8\uD569\uB2C8\uB2E4. \uD06C\uAE30\uB294 \uC911\uD615 \uAC15\uC544\uC9C0\uC5D0\uAC8C \uC801\uD569\uD558\uACE0, \uC0C1\uD0DC\uB294 \uB9E4\uC6B0 \uC88B\uC2B5\uB2C8\uB2E4. \uAC00\uACA9\uC740 15,000\uC6D0\uC785\uB2C8\uB2E4.",
        "post_created_at": "2024-12-03 22:00:00.000000",
        "post_id": 30,
        "post_img_url": "[\"fc886cf5-6478-42f3-9162-913862eb9626.jpg\"]",
        "post_title": "\uACE0\uAE09 \uC2A4\uD14C\uC778\uB9AC\uC2A4 \uAC15\uC544\uC9C0 \uC0AC\uB8CC \uADF8\uB987 \uC138\uD2B8 \uD310\uB9E4",
        "post_updated_at": "2024-12-03 22:00:00.000000",
        "post_view_count": 150,
        "user_id": "8e968eff-bb85-4cf0-a2c1-cb11bd0733fd"
    },
    {
        "post_uid": "0bea6e68-30ea-4b6a-bd07-155e05a90f95",
        "delete_reason": "NULL",
        "is_deleted": 0,
        "post_category": "ADOPTREVIEW",
        "post_content": "'\uAD6C\uB984'\uC744 \uC785\uC591\uD55C \uC9C0 \uBA70\uCE60 \uB410\uB294\uB370 \uC815\uB9D0 \uC0AC\uB791\uC2A4\uB7EC\uC6B4 \uC544\uC774\uC608\uC694! \uCC98\uC74C\uC5D0\uB294 \uC870\uAE08 \uB0AF\uC124\uC5B4\uD588\uC9C0\uB9CC, \uC774\uC81C\uB294 \uC9D1\uC548 \uACF3\uACF3\uC744 \uB3CC\uC544\uB2E4\uB2C8\uBA70 \uB098\uB791 \uD568\uAED8 \uB180\uC790\uACE0 \uD574\uC694. \uAC00\uC871\uC774 \uB418\uC5B4\uC918\uC11C \uACE0\uB9C8\uC6CC\uC694!",
        "post_created_at": "2024-12-04 05:00:00.000000",
        "post_id": 41,
        "post_img_url": "[\"b9f2d269-4c62-421e-a2e7-6d9132a13b11.jpg\"]",
        "post_title": "\uC785\uC591\uD55C \uAC15\uC544\uC9C0 '\uAD6C\uB984'\uC758 \uCCAB\uB0A0",
        "post_updated_at": "2024-12-04 05:00:00.000000",
        "post_view_count": 300,
        "user_id": "8fcc64bc-6018-4f24-9dce-ae7160bf106b"
    },
    {
        "post_uid": "0f3125ea-80cb-4a5b-8af2-61cf122f7b31",
        "delete_reason": "NULL",
        "is_deleted": 0,
        "post_category": "BUYANDSELL",
        "post_content": "\uAC15\uC544\uC9C0 \uC0AC\uB8CC 10kg \uD310\uB9E4\uD569\uB2C8\uB2E4. \uC720\uAE30\uB18D \uC6D0\uB8CC\uB85C \uB9CC\uB4E4\uC5B4\uC9C4 \uACE0\uD488\uC9C8 \uC0AC\uB8CC\uB85C, \uC800\uD76C \uAC15\uC544\uC9C0\uAC00 \uBA39\uC9C0 \uC54A\uC544\uC11C \uD310\uB9E4\uD569\uB2C8\uB2E4. \uC720\uD1B5\uAE30\uD55C\uC740 2025\uB144 6\uC6D4\uAE4C\uC9C0\uC785\uB2C8\uB2E4. \uAC00\uACA9\uC740 25,000\uC6D0\uC785\uB2C8\uB2E4.",
        "post_created_at": "2024-12-04 18:30:00.000000",
        "post_id": 60,
        "post_img_url": "[\"c38418ec-954d-479b-b1ba-220b9d834ac1.jpg\"]",
        "post_title": "\uAC15\uC544\uC9C0 \uC0AC\uB8CC 10kg \uD310\uB9E4\uD569\uB2C8\uB2E4.",
        "post_updated_at": "2024-12-04 18:30:00.000000",
        "post_view_count": 220,
        "user_id": "7da7183d-1726-458a-a620-93590251ca85"
    },
    {
        "post_uid": "0f60e2fa-8b8d-494a-a7dc-1aa1be073678",
        "delete_reason": "NULL",
        "is_deleted": 0,
        "post_category": "BUYANDSELL",
        "post_content": "\uACE0\uAE09 \uACE0\uC591\uC774 \uCEA3\uD0C0\uC6CC\uB97C \uD310\uB9E4\uD569\uB2C8\uB2E4. \uC5EC\uB7EC \uCE35\uC73C\uB85C \uAD6C\uC131\uB418\uC5B4 \uC788\uC73C\uBA70, \uACE0\uC591\uC774\uAC00 \uD3B8\uC548\uD558\uAC8C \uC274 \uC218 \uC788\uB294 \uACF5\uAC04\uC774 \uB9CE\uC2B5\uB2C8\uB2E4. \uC0C1\uD0DC \uB9E4\uC6B0 \uC591\uD638\uD558\uACE0, \uC0AC\uC6A9\uAC10\uC774 \uAC70\uC758 \uC5C6\uC2B5\uB2C8\uB2E4. \uAC00\uACA9\uC740 45,000\uC6D0\uC785\uB2C8\uB2E4.",
        "post_created_at": "2024-12-03 19:15:00.000000",
        "post_id": 22,
        "post_img_url": "[\"ef797349-d03f-41ad-ade3-b4e2288de882.jpg\"]",
        "post_title": "\uACE0\uAE09 \uACE0\uC591\uC774 \uCEA3\uD0C0\uC6CC \uD310\uB9E4\uD569\uB2C8\uB2E4",
        "post_updated_at": "2024-12-03 19:15:00.000000",
        "post_view_count": 210,
        "user_id": "8fcc64bc-6018-4f24-9dce-ae7160bf106b"
    },
    {
        "post_uid": "196f2fce-4daa-4973-8005-8772ff4bf854",
        "delete_reason": "NULL",
        "is_deleted": 0,
        "post_category": "FINDCHILD",
        "post_content": "\uB300\uC804\uC5D0\uC11C \uD770\uC0C9 \uACE0\uC591\uC774 '\uB208\uC1A1\uC774'\uAC00 \uC2E4\uC885\uB418\uC5C8\uC2B5\uB2C8\uB2E4. \uC774\uB984\uCC98\uB7FC \uD558\uC580 \uD138\uC744 \uAC00\uC9C4 \uACE0\uC591\uC774\uB85C, \uBAA9\uAC78\uC774\uB294 \uC5C6\uC73C\uBA70, \uB2E4\uC18C \uC18C\uC2EC\uD55C \uC131\uACA9\uC785\uB2C8\uB2E4. \uBCF4\uC2E0 \uBD84\uC740 \uAF2D \uC5F0\uB77D \uC8FC\uC138\uC694.",
        "post_created_at": "2024-12-04 01:00:00.000000",
        "post_id": 35,
        "post_img_url": "[\"d3927e25-7960-47f7-9284-ed0b034e7d2f.jpg\"]",
        "post_title": "\uB300\uC804\uC5D0\uC11C \uC2E4\uC885\uB41C \uACE0\uC591\uC774 '\uB208\uC1A1\uC774' \uCC3E\uC2B5\uB2C8\uB2E4",
        "post_updated_at": "2024-12-04 01:00:00.000000",
        "post_view_count": 145,
        "user_id": "9d6fa4b8-7a0a-4abc-bfe4-6a2929a896e0"
    },
    {
        "post_uid": "1b7f8310-1f2d-443c-991f-06401c3cf975",
        "delete_reason": "NULL",
        "is_deleted": 0,
        "post_category": "FINDCHILD",
        "post_content": "\uBD80\uC0B0 \uD574\uC6B4\uB300\uAD6C\uC5D0\uC11C 2024\uB144 12\uC6D4 2\uC77C \uACE0\uC591\uC774\uAC00 \uC2E4\uC885\uB418\uC5C8\uC2B5\uB2C8\uB2E4. \uD770\uC0C9 \uACE0\uC591\uC774\uC774\uBA70, \uB208 \uC8FC\uC704\uC5D0 \uC5BC\uB8E9\uC774 \uC788\uC2B5\uB2C8\uB2E4. \uBAA9\uACA9\uD558\uC2E0 \uBD84\uC740 \uC5F0\uB77D \uC8FC\uC138\uC694.",
        "post_created_at": "2024-12-03 12:15:00.000000",
        "post_id": 9,
        "post_img_url": "[\"3546166d-4967-4a86-80df-77a98ac63975.jpg\"]",
        "post_title": "\uBD80\uC0B0 \uD574\uC6B4\uB300\uAD6C\uC5D0\uC11C \uC2E4\uC885\uB41C \uACE0\uC591\uC774 \uCC3E\uC2B5\uB2C8\uB2E4",
        "post_updated_at": "2024-12-03 12:15:00.000000",
        "post_view_count": 309,
        "user_id": "cdfc0ea0-cc93-4468-a50b-c89bd2071ef6"
    },
    {
        "post_uid": "1cb04950-5d72-44e5-9528-22f4076b9cca",
        "delete_reason": "NULL",
        "is_deleted": 0,
        "post_category": "REPORT",
        "post_content": "\uC624\uB298 \uC544\uCE68, \uACF5\uC6D0\uC5D0\uC11C \uC720\uAE30\uB41C \uACE0\uC591\uC774\uB97C \uBC1C\uACAC\uD588\uC2B5\uB2C8\uB2E4. \uACE0\uC591\uC774\uB294 \uB9E4\uC6B0 \uC57D\uD574 \uBCF4\uC600\uACE0, \uC989\uC2DC \uB3D9\uBB3C \uBCF4\uD638\uC18C\uC5D0 \uC5F0\uB77D\uD588\uC2B5\uB2C8\uB2E4. \uC720\uAE30\uB3D9\uBB3C \uBB38\uC81C\uC5D0 \uB300\uD55C \uBE60\uB978 \uB300\uCC98\uAC00 \uD544\uC694\uD569\uB2C8\uB2E4.",
        "post_created_at": "2024-12-04 09:30:00.000000",
        "post_id": 47,
        "post_img_url": "[\"631322bd-1207-4e00-9608-9e89681c65c3.jpg\"]",
        "post_title": "\uACE0\uC591\uC774 \uC720\uAE30 \uC2E0\uACE0",
        "post_updated_at": "2024-12-04 09:30:00.000000",
        "post_view_count": 210,
        "user_id": "7a92ae42-876c-4297-9b5c-95c6e7de2eda"
    },
    {
        "post_uid": "1d1a76bb-8da1-45b3-8d87-23650e21f4c3",
        "delete_reason": "NULL",
        "is_deleted": 0,
        "post_category": "FINDCHILD",
        "post_content": "2024\uB144 12\uC6D4 2\uC77C, \uC11C\uC6B8 \uC11C\uCD08\uAD6C\uC5D0\uC11C \uD770\uC0C9\uACFC \uD68C\uC0C9 \uD138\uC744 \uAC00\uC9C4 \uACE0\uC591\uC774\uAC00 \uC2E4\uC885\uB418\uC5C8\uC2B5\uB2C8\uB2E4. \uC131\uACA9\uC774 \uC628\uC21C\uD558\uACE0, \uBAA9\uAC78\uC774\uB97C \uCC29\uC6A9\uD558\uACE0 \uC788\uC2B5\uB2C8\uB2E4. \uCC3E\uC73C\uC2E0 \uBD84\uC740 \uC5F0\uB77D \uC8FC\uC138\uC694.",
        "post_created_at": "2024-12-03 18:20:00.000000",
        "post_id": 19,
        "post_img_url": "[\"673b4150-c7bd-4b9e-8965-a72d6d508e05.jpg\"]",
        "post_title": "\uC11C\uC6B8 \uC11C\uCD08\uAD6C\uC5D0\uC11C \uC2E4\uC885\uB41C \uACE0\uC591\uC774 \uCC3E\uC2B5\uB2C8\uB2E4",
        "post_updated_at": "2024-12-03 18:20:00.000000",
        "post_view_count": 350,
        "user_id": "f78f04bf-eccd-4f7a-8389-6b241a7a6aae"
    },
    {
        "post_uid": "1e9267e4-c63b-4822-9e33-4c903e32f33b",
        "delete_reason": "NULL",
        "is_deleted": 0,
        "post_category": "FINDCHILD",
        "post_content": "2024\uB144 12\uC6D4 1\uC77C \uACBD\uAE30\uB3C4 \uACE0\uC591\uC2DC\uC5D0\uC11C \uC791\uC740 \uD770\uC0C9 \uAC15\uC544\uC9C0\uAC00 \uC2E4\uC885\uB418\uC5C8\uC2B5\uB2C8\uB2E4. \uB208 \uC8FC\uC704\uC5D0 \uAC80\uC740 \uC5BC\uB8E9\uC774 \uC788\uC73C\uBA70, \uB9E4\uC6B0 \uCE5C\uADFC\uD55C \uC131\uACA9\uC785\uB2C8\uB2E4. \uBAA9\uACA9\uD558\uC2E0 \uBD84\uC740 \uC5F0\uB77D \uBD80\uD0C1\uB4DC\uB9BD\uB2C8\uB2E4.",
        "post_created_at": "2024-12-03 15:30:00.000000",
        "post_id": 11,
        "post_img_url": "[\"f4870e9a-c0b8-47b6-bf6a-3acaeb2ffaf0.jpg\"]",
        "post_title": "\uACBD\uAE30\uB3C4 \uACE0\uC591\uC2DC\uC5D0\uC11C \uC2E4\uC885\uB41C \uAC15\uC544\uC9C0 \uCC3E\uC2B5\uB2C8\uB2E4",
        "post_updated_at": "2024-12-03 15:30:00.000000",
        "post_view_count": 450,
        "user_id": "348d99fe-8c08-436a-8597-31c64598a2f0"
    },
    {
        "post_uid": "1f6e13cd-bf9f-41ff-b774-9988a7f73868",
        "delete_reason": "NULL",
        "is_deleted": 0,
        "post_category": "",
        "post_content": "\uC720\uAE30\uACAC \uBCF4\uD638\uC18C\uC5D0\uC11C\uB294 \uC0C8\uBCBD \uC0B0\uCC45 \uBD09\uC0AC\uC790\uB97C \uBAA8\uC9D1\uD569\uB2C8\uB2E4. \uC720\uAE30\uACAC\uB4E4\uC5D0\uAC8C \uC544\uCE68 \uC0B0\uCC45\uC744 \uC81C\uACF5\uD574 \uC904 \uC790\uC6D0\uBD09\uC0AC\uC790\uBD84\uB4E4\uC758 \uCC38\uC5EC\uB97C \uBD80\uD0C1\uB4DC\uB9BD\uB2C8\uB2E4. \uC790\uC138\uD55C \uB0B4\uC6A9\uC740 \uACF5\uC9C0\uC0AC\uD56D\uC744 \uCC38\uACE0\uD574 \uC8FC\uC138\uC694.",
        "post_created_at": "2024-12-04 23:00:00.000000",
        "post_id": 74,
        "post_img_url": "[]",
        "post_title": "\uC720\uAE30\uACAC \uBCF4\uD638\uC18C \uC0C8\uBCBD \uC0B0\uCC45 \uBD09\uC0AC\uC790 \uBAA8\uC9D1",
        "post_updated_at": "2024-12-04 23:00:00.000000",
        "post_view_count": 150,
        "user_id": "dcb02621-65da-489b-98f7-0cbe85386d92"
    },
    {
        "post_uid": "2039cfe3-aeb4-4d11-8e46-68061150667c",
        "delete_reason": "NULL",
        "is_deleted": 0,
        "post_category": "ADOPTREVIEW",
        "post_content": "'\uD1A0\uB9AC'\uB97C \uC785\uC591\uD55C \uD6C4 \uCCAB\uB0A0\uBD80\uD130 \uBC18\uAC00\uC6CC\uD558\uBA70 \uB2E4\uAC00\uC640\uC92C\uC5B4\uC694. \uC544\uC8FC \uAE30\uBD84 \uC88B\uC740 \uC2DC\uC791\uC774\uC5C8\uACE0, \uC774\uC81C\uB294 \uC9D1 \uC548\uC744 \uB6F0\uC5B4\uB2E4\uB2C8\uBA70 \uC5D0\uB108\uC9C0\uB97C \uBC1C\uC0B0\uD558\uACE0 \uC788\uC5B4\uC694! \uC815\uB9D0 \uC0AC\uB791\uC2A4\uB7EC\uC6B4 \uC544\uC774\uC785\uB2C8\uB2E4.",
        "post_created_at": "2024-12-04 06:00:00.000000",
        "post_id": 43,
        "post_img_url": "[\"915fc987-e21a-439a-b96c-e78222db27c2.jpg\"]",
        "post_title": "\uC6B0\uB9AC \uC9D1\uC5D0 \uC628 '\uD1A0\uB9AC', \uCCAB \uC778\uC0AC",
        "post_updated_at": "2024-12-04 06:00:00.000000",
        "post_view_count": 180,
        "user_id": "99571590-bf45-4ad0-ac32-de1c7cb1b1ff"
    },
    {
        "post_uid": "2847db03-d380-4f73-a876-97561bc77312",
        "delete_reason": "NULL",
        "is_deleted": 0,
        "post_category": "FINDCHILD",
        "post_content": "2024\uB144 11\uC6D4 30\uC77C \uB300\uAD6C \uC218\uC131\uAD6C\uC5D0\uC11C \uACE0\uC591\uC774\uAC00 \uC2E4\uC885\uB418\uC5C8\uC2B5\uB2C8\uB2E4. \uD68C\uC0C9 \uD138\uC744 \uAC00\uC9C4 \uACE0\uC591\uC774\uB85C, \uBC1C\uB05D\uC5D0 \uC791\uC740 \uD770\uC0C9 \uBC18\uC810\uC774 \uC788\uC2B5\uB2C8\uB2E4. \uBAA9\uACA9\uD558\uC2E0 \uBD84\uC740 \uC5F0\uB77D \uBD80\uD0C1\uB4DC\uB9BD\uB2C8\uB2E4.",
        "post_created_at": "2024-12-03 17:00:00.000000",
        "post_id": 15,
        "post_img_url": "[\"16065b40-28fd-4d87-a9e5-fec9902c1a31.jpg\"]",
        "post_title": "\uB300\uAD6C \uC218\uC131\uAD6C\uC5D0\uC11C \uC2E4\uC885\uB41C \uACE0\uC591\uC774 \uCC3E\uC2B5\uB2C8\uB2E4",
        "post_updated_at": "2024-12-03 17:00:00.000000",
        "post_view_count": 560,
        "user_id": "9790d693-9538-4950-b6d9-e01befcbadac"
    },
    {
        "post_uid": "289ef17d-9619-417e-ae86-0fbd06ed0d18",
        "delete_reason": "NULL",
        "is_deleted": 0,
        "post_category": "FINDCHILD",
        "post_content": "\uC11C\uC6B8 \uAC15\uB0A8\uAD6C \uC5ED\uC0BC\uB3D9\uC5D0\uC11C 2024\uB144 11\uC6D4 25\uC77C, \uACE0\uC591\uC774\uAC00 \uC2E4\uC885\uB418\uC5C8\uC2B5\uB2C8\uB2E4. \uACE0\uC591\uC774\uB294 \uD770\uC0C9\uACFC \uD68C\uC0C9\uC774 \uC11E\uC778 \uD138\uC744 \uAC00\uC9C0\uACE0 \uC788\uC73C\uBA70, \uADC0\uAC00 \uC870\uAE08 \uCC22\uC5B4\uC838 \uC788\uC2B5\uB2C8\uB2E4. \uBAA9\uACA9\uD558\uC2E0 \uBD84\uC740 \uC5F0\uB77D \uBD80\uD0C1\uB4DC\uB9BD\uB2C8\uB2E4. \uC5F0\uB77D\uCC98: 010-1234-5678",
        "post_created_at": "2024-11-25 14:32:00.000000",
        "post_id": 1,
        "post_img_url": "[\"37b47012-3c8e-4cb8-b188-9408a9d5fc29.jpg\"]",
        "post_title": "\uC11C\uC6B8 \uAC15\uB0A8\uAD6C\uC5D0\uC11C \uC2E4\uC885\uB41C \uACE0\uC591\uC774 \uCC3E\uC2B5\uB2C8\uB2E4!",
        "post_updated_at": "2024-11-25 14:32:00.000000",
        "post_view_count": 234,
        "user_id": "506bedb9-fa45-4700-8372-bee147a12ec2"
    },
    {
        "post_uid": "2d3c78ab-f8de-4842-804a-f6edca5efed1",
        "delete_reason": "NULL",
        "is_deleted": 0,
        "post_category": "",
        "post_content": "\uC6B0\uB9AC \uBCF4\uD638\uC18C\uC758 \uC720\uAE30\uACAC\uB4E4\uC774 \uCE58\uB8CC\uB97C \uBC1B\uACE0 \uC788\uC2B5\uB2C8\uB2E4. \uCE58\uB8CC\uBE44 \uD6C4\uC6D0\uC744 \uC704\uD55C \uCEA0\uD398\uC778\uC774 \uC2DC\uC791\uB418\uC5C8\uC2B5\uB2C8\uB2E4. \uC791\uC740 \uAE08\uC561\uC774\uB77C\uB3C4 \uB9CE\uC740 \uB3C4\uC6C0\uC774 \uB429\uB2C8\uB2E4. \uD6C4\uC6D0\uC5D0 \uCC38\uC5EC\uD574 \uC8FC\uC138\uC694.",
        "post_created_at": "2024-12-04 13:00:00.000000",
        "post_id": 64,
        "post_img_url": "[]",
        "post_title": "\uC720\uAE30\uACAC \uBCD1\uC6D0\uBE44 \uD6C4\uC6D0 \uCEA0\uD398\uC778 \uC548\uB0B4",
        "post_updated_at": "2024-12-04 13:00:00.000000",
        "post_view_count": 120,
        "user_id": "dcb02621-65da-489b-98f7-0cbe85386d92"
    },
    {
        "post_uid": "3a849c74-8904-4537-a3a8-e3b73961399a",
        "delete_reason": "NULL",
        "is_deleted": 0,
        "post_category": "BUYANDSELL",
        "post_content": "\uAC15\uC544\uC9C0\uC6A9 \uC6B4\uB3D9\uAE30\uAD6C\uB97C \uD310\uB9E4\uD569\uB2C8\uB2E4. \uC0C1\uD0DC\uB294 \uC544\uC8FC \uC88B\uACE0, \uAC70\uC758 \uC0AC\uC6A9\uD558\uC9C0 \uC54A\uC558\uC2B5\uB2C8\uB2E4. \uD06C\uAE30\uB294 \uC911\uD615\uACAC\uC6A9\uC774\uBA70, \uAC00\uACA9\uC740 20\uB9CC\uC6D0\uC785\uB2C8\uB2E4. \uC11C\uC6B8 \uC9C0\uC5ED\uC5D0\uC11C \uC9C1\uAC70\uB798 \uAC00\uB2A5\uD569\uB2C8\uB2E4. \uAD00\uC2EC \uC788\uB294 \uBD84\uC740 \uC5F0\uB77D \uC8FC\uC138\uC694.",
        "post_created_at": "2024-11-28 18:20:00.000000",
        "post_id": 3,
        "post_img_url": "[\"bf8f69ad-5a05-4726-a2ae-31db98a2e936.jpg\"]",
        "post_title": "\uAC15\uC544\uC9C0 \uC6B4\uB3D9\uAE30\uAD6C \uD310\uB9E4\uD569\uB2C8\uB2E4",
        "post_updated_at": "2024-11-28 18:20:00.000000",
        "post_view_count": 650,
        "user_id": "99571590-bf45-4ad0-ac32-de1c7cb1b1ff"
    },
    {
        "post_uid": "3b64907d-36da-450b-ad6c-02f948b17cc5",
        "delete_reason": "NULL",
        "is_deleted": 0,
        "post_category": "BUYANDSELL",
        "post_content": "\uACE0\uAE09 \uAC15\uC544\uC9C0 \uCE68\uB300\uB97C \uD310\uB9E4\uD569\uB2C8\uB2E4. \uC911\uD615\uACAC\uC6A9\uC73C\uB85C, \uD479\uC2E0\uD55C \uBA54\uBAA8\uB9AC\uD3FC\uC774 \uC7A5\uCC29\uB418\uC5B4 \uC788\uC5B4 \uAC15\uC544\uC9C0\uAC00 \uD3B8\uC548\uD558\uAC8C \uC274 \uC218 \uC788\uC2B5\uB2C8\uB2E4. \uC0C1\uD0DC\uB294 \uB9E4\uC6B0 \uC591\uD638\uD558\uBA70, \uC0AC\uC6A9\uAC10\uC774 \uAC70\uC758 \uC5C6\uC2B5\uB2C8\uB2E4. \uAC00\uACA9\uC740 50,000\uC6D0\uC5D0 \uD310\uB9E4\uD569\uB2C8\uB2E4.",
        "post_created_at": "2024-12-03 17:30:00.000000",
        "post_id": 20,
        "post_img_url": "[\"e07b0090-310f-4764-b449-b506b5a346b1.jpg\"]",
        "post_title": "\uACE0\uAE09 \uAC15\uC544\uC9C0 \uCE68\uB300 \uD310\uB9E4\uD569\uB2C8\uB2E4 (\uC911\uD615\uACAC\uC6A9)",
        "post_updated_at": "2024-12-03 17:30:00.000000",
        "post_view_count": 250,
        "user_id": "471432b6-ff68-4f1d-a987-45b0c99ee32e"
    },
    {
        "post_uid": "45934b4e-1b7e-4f6d-ad85-0566d552a97c",
        "delete_reason": "NULL",
        "is_deleted": 0,
        "post_category": "REPORT",
        "post_content": "\uC624\uB298 \uC544\uCE68 \uC11C\uC6B8 \uAC15\uB0A8\uAD6C \uB17C\uD604\uB3D9 \uACF5\uC6D0 \uC8FC\uBCC0\uC5D0\uC11C \uC5B4\uB9B0 \uAC15\uC544\uC9C0 3\uB9C8\uB9AC\uAC00 \uBC84\uB824\uC9C4 \uCC44 \uBC1C\uACAC\uB418\uC5C8\uC2B5\uB2C8\uB2E4. \uCD94\uC815 \uB098\uC774\uB294 2-3\uAC1C\uC6D4\uB85C \uBCF4\uC774\uBA70, \uC601\uC591\uC2E4\uC870\uC640 \uC0C1\uCC98\uC758 \uD754\uC801\uC774 \uC788\uC5B4 \uC989\uAC01\uC801\uC778 \uAD6C\uC870\uAC00 \uD544\uC694\uD574 \uBCF4\uC785\uB2C8\uB2E4. \uADFC\uCC98 \uB3D9\uBB3C\uBCF4\uD638\uC13C\uD130\uB098 \uAD00\uACC4\uC790\uBD84\uB4E4\uC758 \uC2E0\uC18D\uD55C \uB300\uC751\uC744 \uC694\uCCAD\uB4DC\uB9BD\uB2C8\uB2E4.",
        "post_created_at": "2024-12-02 16:45:00.000000",
        "post_id": 4,
        "post_img_url": "[\"54cb159c-40c7-41da-9742-b635062fa244.jpg\"]",
        "post_title": "\uBC84\uB824\uC9C4 \uAC15\uC544\uC9C0 3\uB9C8\uB9AC \uBC1C\uACAC, \uAE34\uAE09 \uB3C4\uC6C0 \uD544\uC694",
        "post_updated_at": "2024-12-02 16:45:00.000000",
        "post_view_count": 324,
        "user_id": "7a92ae42-876c-4297-9b5c-95c6e7de2eda"
    },
    {
        "post_uid": "4a4713ff-84f6-46d9-9055-94a1ba61e69e",
        "delete_reason": "NULL",
        "is_deleted": 0,
        "post_category": "REPORT",
        "post_content": "\uCDA9\uCCAD\uBD81\uB3C4 \uCCAD\uC8FC\uC2DC \uC678\uACFD\uC758 \uD55C \uB18D\uC7A5\uC5D0\uC11C \uADF9\uC2EC\uD55C \uB3D9\uBB3C \uD559\uB300 \uC815\uD669\uC744 \uBAA9\uACA9\uD558\uACE0 \uC2E0\uACE0\uD569\uB2C8\uB2E4. \uB2E4\uC218\uC758 \uAC00\uCD95\uB4E4\uC774 \uADF9\uB3C4\uB85C \uC5F4\uC545\uD55C \uD658\uACBD\uC5D0\uC11C \uC0AC\uC721\uB418\uACE0 \uC788\uC73C\uBA70, \uC2EC\uAC01\uD55C \uC601\uC591\uC2E4\uC870\uC640 \uC9C8\uBCD1 \uC99D\uC0C1\uC744 \uBCF4\uC774\uACE0 \uC788\uC2B5\uB2C8\uB2E4. \uB18D\uB9BC\uCD95\uC0B0\uC2DD\uD488\uBD80\uC640 \uB3D9\uBB3C\uBCF4\uD638\uB2E8\uCCB4\uC758 \uC989\uAC01\uC801\uC778 \uC870\uC0AC\uB97C \uAC15\uB825\uD788 \uC694\uCCAD\uB4DC\uB9BD\uB2C8\uB2E4.",
        "post_created_at": "2024-12-03 21:30:00.000000",
        "post_id": 29,
        "post_img_url": "[\"acd56577-a0cc-42ac-b48e-463d4f6a6deb.jpg\"]",
        "post_title": "\uB18D\uC7A5\uC5D0\uC11C \uBC1C\uACAC\uB41C \uC2EC\uAC01\uD55C \uB3D9\uBB3C \uD559\uB300 \uC815\uD669",
        "post_updated_at": "2024-12-03 21:30:00.000000",
        "post_view_count": 70,
        "user_id": "1a8c7c68-0fe6-4f80-a1f7-db71a9470731"
    },
    {
        "post_uid": "4c4f0ed3-34f2-4d1a-8f6e-b2b0f9bb5ff5",
        "delete_reason": "NULL",
        "is_deleted": 0,
        "post_category": "",
        "post_content": "\uC720\uAE30\uACAC \uBCF4\uD638\uC18C\uC5D0\uC11C\uB294 \uC678\uBD80 \uBD09\uC0AC\uD65C\uB3D9\uB3C4 \uC9C4\uD589\uD569\uB2C8\uB2E4. \uBCF4\uD638\uC18C\uC640 \uD611\uB825\uD558\uC5EC \uC720\uAE30\uACAC\uC744 \uC704\uD55C \uBD09\uC0AC\uD65C\uB3D9\uC5D0 \uCC38\uC5EC\uD558\uC2E4 \uBD84\uB4E4\uC758 \uB9CE\uC740 \uAD00\uC2EC \uBD80\uD0C1\uB4DC\uB9BD\uB2C8\uB2E4. \uC790\uC138\uD55C \uC0AC\uD56D\uC740 \uACF5\uC9C0\uC0AC\uD56D\uC744 \uD655\uC778\uD574 \uC8FC\uC138\uC694.",
        "post_created_at": "2024-12-04 15:00:00.000000",
        "post_id": 66,
        "post_img_url": "[]",
        "post_title": "\uC720\uAE30\uACAC \uBCF4\uD638\uC18C \uC678\uBD80 \uBD09\uC0AC\uD65C\uB3D9 \uC548\uB0B4",
        "post_updated_at": "2024-12-04 15:00:00.000000",
        "post_view_count": 130,
        "user_id": "dcb02621-65da-489b-98f7-0cbe85386d92"
    },
    {
        "post_uid": "4c5a1728-20e3-46e8-acf3-fff3d1f69425",
        "delete_reason": "NULL",
        "is_deleted": 0,
        "post_category": "BUYANDSELL",
        "post_content": "\uAC15\uC544\uC9C0 \uBAA9\uC904\uACFC \uB9AC\uB4DC\uC904 \uC138\uD2B8\uB97C \uD310\uB9E4\uD569\uB2C8\uB2E4. \uACE0\uAE09 \uC18C\uC7AC\uB85C \uC81C\uC791\uB41C \uC81C\uD488\uC73C\uB85C, \uD06C\uAE30\uB294 \uC911\uD615\uACAC\uC6A9\uC785\uB2C8\uB2E4. \uC0C1\uD0DC\uB294 \uB9E4\uC6B0 \uC591\uD638\uD558\uBA70, 2023\uB144 12\uC6D4\uC5D0 \uAD6C\uC785\uD55C \uC81C\uD488\uC785\uB2C8\uB2E4. \uAC00\uACA9\uC740 15,000\uC6D0\uC774\uBA70, \uC9C1\uAC70\uB798 \uAC00\uB2A5\uD569\uB2C8\uB2E4.",
        "post_created_at": "2024-12-03 11:20:00.000000",
        "post_id": 6,
        "post_img_url": "[\"4b632f86-1b12-4834-8ff4-75c63fccb972.jpg\"]",
        "post_title": "\uAC15\uC544\uC9C0 \uBAA9\uC904\uACFC \uB9AC\uB4DC\uC904 \uC138\uD2B8 \uD310\uB9E4\uD569\uB2C8\uB2E4",
        "post_updated_at": "2024-12-03 11:20:00.000000",
        "post_view_count": 412,
        "user_id": "08ff8005-3bae-453c-b2f9-d6fa24b57901"
    },
    {
        "post_uid": "4e134e49-2ac2-4067-8249-30bbe3187845",
        "delete_reason": "NULL",
        "is_deleted": 0,
        "post_category": "FINDCHILD",
        "post_content": "'\uBBF8\uBBF8'\uB294 \uC9C0\uB09C 12\uC6D4 2\uC77C \uC624\uD6C4 3\uC2DC\uACBD \uC6B0\uB9AC \uC9D1 \uADFC\uCC98\uC5D0\uC11C \uC2E4\uC885\uB418\uC5C8\uC2B5\uB2C8\uB2E4. \uD770\uC0C9\uACFC \uD68C\uC0C9\uC774 \uC11E\uC778 \uD138\uC744 \uAC00\uC9C0\uACE0 \uC788\uC73C\uBA70, \uADC0\uAC00 \uC57D\uAC04 \uC811\uD600 \uC788\uC2B5\uB2C8\uB2E4. \uD639\uC2DC \uBC1C\uACAC\uD558\uC2E0 \uBD84\uC740 \uC5F0\uB77D \uBC14\uB78D\uB2C8\uB2E4.",
        "post_created_at": "2024-12-04 10:30:00.000000",
        "post_id": 48,
        "post_img_url": "[\"fca8c73f-2470-4d02-9d59-c99010e0fbb5.jpg\"]",
        "post_title": "\uC2E4\uC885\uB41C \uACE0\uC591\uC774 '\uBBF8\uBBF8'\uB97C \uCC3E\uC2B5\uB2C8\uB2E4",
        "post_updated_at": "2024-12-04 10:30:00.000000",
        "post_view_count": 220,
        "user_id": "08ff8005-3bae-453c-b2f9-d6fa24b57901"
    },
    {
        "post_uid": "4f641944-3455-44c6-83eb-13c306073796",
        "delete_reason": "NULL",
        "is_deleted": 0,
        "post_category": "ADOPTREVIEW",
        "post_content": "\uC9C0\uB09C \uC8FC \uC785\uC591\uD55C \uAC15\uC544\uC9C0\uAC00 \uC774\uC81C \uC9D1\uC5D0 \uC644\uC804\uD788 \uC801\uC751\uD588\uC5B4\uC694. \uB108\uBB34 \uC0AC\uB791\uC2A4\uB7EC\uC6CC\uC11C \uB9E4\uC77C\uB9E4\uC77C \uD589\uBCF5\uD569\uB2C8\uB2E4. \uC785\uC591\uC744 \uB9DD\uC124\uC774\uC9C0 \uB9D0\uACE0, \uC0AC\uB791\uC744 \uC8FC\uBA74 \uADF8\uB9CC\uD07C \uB3CC\uC544\uC635\uB2C8\uB2E4.",
        "post_created_at": "2024-12-02 19:30:00.000000",
        "post_id": 17,
        "post_img_url": "[\"ea368de6-56d2-4edc-a71d-3b79483302a4.jpg\"]",
        "post_title": "\uC785\uC591 \uD6C4 \uCCAB\uB0A0, \uC815\uB9D0 \uD589\uBCF5\uD574\uC694",
        "post_updated_at": "2024-12-02 19:30:00.000000",
        "post_view_count": 432,
        "user_id": "7a92ae42-876c-4297-9b5c-95c6e7de2eda"
    },
    {
        "post_uid": "56f8c025-a973-4f82-9cd8-27b4677fc5ac",
        "delete_reason": "NULL",
        "is_deleted": 0,
        "post_category": "ADOPTREVIEW",
        "post_content": "'\uCF54\uCF54'\uB294 \uC785\uC591\uD55C \uC9C0 1\uAC1C\uC6D4 \uB41C \uACE0\uC591\uC774\uC785\uB2C8\uB2E4. \uCC98\uC74C\uC5D0\uB294 \uC870\uAE08 \uB0AF\uC124\uC5B4\uD588\uC9C0\uB9CC \uC774\uC81C\uB294 \uB098\uC640 \uD568\uAED8 \uC790\uACE0, \uB180\uACE0, \uBA39\uACE0 \uC788\uC5B4\uC694. '\uCF54\uCF54'\uB294 \uB9E4\uC6B0 \uD65C\uB3D9\uC801\uC774\uACE0, \uC7A5\uB09C\uAC10\uC744 \uC88B\uC544\uD558\uB294 \uACE0\uC591\uC774\uC785\uB2C8\uB2E4. \uC785\uC591 \uD6C4 \uC815\uB9D0 \uB9CE\uC740 \uD589\uBCF5\uC744 \uB290\uB07C\uACE0 \uC788\uC5B4\uC694.",
        "post_created_at": "2024-12-04 17:00:00.000000",
        "post_id": 58,
        "post_img_url": "[\"f505c3f1-557d-45d8-8d5c-87ae039abd3c.jpg\"]",
        "post_title": "\uC785\uC591 \uD6C4 \uACE0\uC591\uC774 '\uCF54\uCF54'\uC640\uC758 \uC77C\uC0C1",
        "post_updated_at": "2024-12-04 17:00:00.000000",
        "post_view_count": 200,
        "user_id": "8fcc64bc-6018-4f24-9dce-ae7160bf106b"
    },
    {
        "post_uid": "5b264b7b-3b16-4ab2-a7fd-3f8a7a9cf943",
        "delete_reason": "NULL",
        "is_deleted": 0,
        "post_category": "",
        "post_content": "\uACA8\uC6B8\uCCA0 \uC720\uAE30\uACAC \uBCF4\uD638\uC18C\uC758 \uC548\uC804 \uAD00\uB9AC\uAC00 \uAC15\uD654\uB429\uB2C8\uB2E4. \uCD94\uC6B4 \uB0A0\uC528\uB85C \uC778\uD55C \uD53C\uD574\uB97C \uCD5C\uC18C\uD654\uD558\uAE30 \uC704\uD574 \uBCF4\uD638\uC18C \uB0B4\uBD80 \uC628\uB3C4 \uAD00\uB9AC \uBC0F \uC720\uAE30\uACAC\uB4E4\uC758 \uAC74\uAC15 \uC0C1\uD0DC\uB97C \uCCB4\uD06C\uD560 \uC608\uC815\uC785\uB2C8\uB2E4.",
        "post_created_at": "2024-12-04 20:00:00.000000",
        "post_id": 71,
        "post_img_url": "[]",
        "post_title": "\uC720\uAE30\uACAC \uBCF4\uD638\uC18C \uACA8\uC6B8\uCCA0 \uC548\uC804 \uAD00\uB9AC \uC548\uB0B4",
        "post_updated_at": "2024-12-04 20:00:00.000000",
        "post_view_count": 90,
        "user_id": "dcb02621-65da-489b-98f7-0cbe85386d92"
    },
    {
        "post_uid": "5cdb9919-89d0-4024-88b5-d9e7d6ad31b6",
        "delete_reason": "NULL",
        "is_deleted": 0,
        "post_category": "",
        "post_content": "\uC785\uC591 \uD6C4 \uC720\uAE30\uACAC\uC744 \uC5B4\uB5BB\uAC8C \uC798 \uB3CC\uBCFC \uC218 \uC788\uC744\uC9C0\uC5D0 \uB300\uD55C \uD301\uC744 \uC548\uB0B4\uB4DC\uB9BD\uB2C8\uB2E4. \uC720\uAE30\uACAC\uB4E4\uC774 \uC0C8\uB85C\uC6B4 \uAC00\uC815\uC5D0\uC11C \uC798 \uC801\uC751\uD560 \uC218 \uC788\uB3C4\uB85D \uB3D5\uAE30 \uC704\uD55C \uC815\uBCF4\uB4E4\uC774 \uB2F4\uACA8 \uC788\uC2B5\uB2C8\uB2E4. \uC785\uC591 \uC804 \uD544\uB3C5\uD574\uC8FC\uC138\uC694.",
        "post_created_at": "2024-12-04 21:00:00.000000",
        "post_id": 72,
        "post_img_url": "[]",
        "post_title": "\uC720\uAE30\uACAC \uBCF4\uD638\uC18C \uC785\uC591 \uD6C4 \uAD00\uB9AC \uD301 \uC548\uB0B4",
        "post_updated_at": "2024-12-04 21:00:00.000000",
        "post_view_count": 110,
        "user_id": "dcb02621-65da-489b-98f7-0cbe85386d92"
    },
    {
        "post_uid": "5d1d30a7-5406-4b89-bad2-4f39de705524",
        "delete_reason": "NULL",
        "is_deleted": 0,
        "post_category": "FINDCHILD",
        "post_content": "\uBD80\uC0B0 \uD574\uC6B4\uB300\uAD6C\uC5D0\uC11C \uAC80\uC740\uC0C9 \uD478\uB4E4\uC774 \uC2E4\uC885\uB418\uC5C8\uC2B5\uB2C8\uB2E4. \uC774\uB984\uC740 '\uBC14\uB2C8'\uC774\uBA70, \uC8FC\uD669\uC0C9 \uBAA9\uC904\uC744 \uCC29\uC6A9\uD558\uACE0 \uC788\uC2B5\uB2C8\uB2E4. \uBAA9\uACA9\uB418\uC2E0 \uBD84\uC740 \uC5F0\uB77D \uBD80\uD0C1\uB4DC\uB9BD\uB2C8\uB2E4.",
        "post_created_at": "2024-12-03 20:30:00.000000",
        "post_id": 26,
        "post_img_url": "[\"1b125e5a-142d-443a-8e8d-847740c0d456.jpg\"]",
        "post_title": "\uBD80\uC0B0 \uD574\uC6B4\uB300\uAD6C\uC5D0\uC11C \uC2E4\uC885\uB41C \uAC15\uC544\uC9C0 \uCC3E\uC2B5\uB2C8\uB2E4",
        "post_updated_at": "2024-12-03 20:30:00.000000",
        "post_view_count": 180,
        "user_id": "4b319be7-a20d-464f-9ad0-6bc5d401d48c"
    },
    {
        "post_uid": "6f1ab178-cb94-4ca3-96c1-967e22eaa350",
        "delete_reason": "NULL",
        "is_deleted": 0,
        "post_category": "",
        "post_content": "\uC6B0\uB9AC \uBCF4\uD638\uC18C\uC758 \uD6C4\uC6D0\uC790 \uC5EC\uB7EC\uBD84\uC744 \uC704\uD55C \uAC10\uC0AC \uD589\uC0AC\uAC00 12\uC6D4 10\uC77C \uC9C4\uD589\uB429\uB2C8\uB2E4. \uD589\uC0AC\uC5D0 \uCC38\uC5EC\uD558\uC154\uC11C \uC720\uAE30\uACAC\uB4E4\uC744 \uB3D5\uB294 \uC758\uBBF8 \uC788\uB294 \uC2DC\uAC04\uC744 \uBCF4\uB0B4\uC138\uC694. \uC790\uC138\uD55C \uC0AC\uD56D\uC740 \uACF5\uC9C0\uC0AC\uD56D\uC744 \uD1B5\uD574 \uD655\uC778\uD574 \uC8FC\uC138\uC694.",
        "post_created_at": "2024-12-04 12:00:00.000000",
        "post_id": 63,
        "post_img_url": "[]",
        "post_title": "\uC720\uAE30\uACAC \uBCF4\uD638\uC18C \uD6C4\uC6D0\uC790 \uAC10\uC0AC \uD589\uC0AC \uC548\uB0B4",
        "post_updated_at": "2024-12-04 12:00:00.000000",
        "post_view_count": 150,
        "user_id": "dcb02621-65da-489b-98f7-0cbe85386d92"
    },
    {
        "post_uid": "6f88a869-b28b-41ce-8d72-6f3bebc5a6f7",
        "delete_reason": "NULL",
        "is_deleted": 0,
        "post_category": "REPORT",
        "post_content": "\uAD11\uC8FC \uAD11\uC5ED\uC2DC \uD55C \uB300\uD559 \uCEA0\uD37C\uC2A4 \uC8FC\uBCC0\uC5D0\uC11C \uCD5C\uC18C 10\uB9C8\uB9AC \uC774\uC0C1\uC758 \uC720\uAE30\uBB18\uAC00 \uBC1C\uACAC\uB418\uC5C8\uC2B5\uB2C8\uB2E4. \uB300\uBD80\uBD84 \uC5B4\uB9B0 \uACE0\uC591\uC774\uB4E4\uB85C \uC601\uC591\uC2E4\uC870\uC640 \uC9C8\uBCD1 \uC758\uC2EC \uC99D\uC0C1\uC774 \uC788\uC5B4 \uC2DC\uAE09\uD55C \uAD6C\uC870\uC640 \uCE58\uB8CC\uAC00 \uD544\uC694\uD574 \uBCF4\uC785\uB2C8\uB2E4. \uC9C0\uC5ED \uB3D9\uBB3C\uBCF4\uD638\uC13C\uD130\uC758 \uC2E0\uC18D\uD55C \uB300\uC751\uC744 \uD638\uC18C\uD569\uB2C8\uB2E4.",
        "post_created_at": "2024-12-03 19:30:00.000000",
        "post_id": 23,
        "post_img_url": "[\"53b49bdb-0178-4e3d-91e9-eed100171ea7.jpg\"]",
        "post_title": "\uB300\uD559\uAC00 \uC8FC\uBCC0 \uC720\uAE30\uBB18 \uB300\uB7C9 \uBC1C\uACAC, \uAE34\uAE09 \uAD6C\uC870 \uC694\uCCAD",
        "post_updated_at": "2024-12-03 19:30:00.000000",
        "post_view_count": 98,
        "user_id": "f56bff85-d3e5-4c05-9b73-d9441950467a"
    },
    {
        "post_uid": "7200f7f2-18c2-4071-931f-be7bda31ce05",
        "delete_reason": "NULL",
        "is_deleted": 0,
        "post_category": "ADOPTREVIEW",
        "post_content": "\uC785\uC591\uD55C \uACE0\uC591\uC774 '\uBBF8\uB974'\uAC00 \uC9D1\uC5D0 \uC624\uACE0 \uB098\uC11C \uC801\uC751\uD558\uAE30\uAE4C\uC9C0 \uC2DC\uAC04\uC774 \uAC78\uB838\uC9C0\uB9CC, \uC774\uC81C\uB294 \uC815\uB9D0 \uCE5C\uADFC\uD558\uAC8C \uB2E4\uAC00\uC640\uC694. \uC544\uC8FC \uC0AC\uB791\uC2A4\uB7EC\uC6B4 \uB140\uC11D\uC774\uC5D0\uC694!",
        "post_created_at": "2024-12-04 00:30:00.000000",
        "post_id": 34,
        "post_img_url": "[\"b20dcb23-06f9-42cc-bbb4-135038b78725.jpg\"]",
        "post_title": "\uC785\uC591\uD55C \uACE0\uC591\uC774 '\uBBF8\uB974'\uC758 \uCCAB\uB0A0",
        "post_updated_at": "2024-12-04 00:30:00.000000",
        "post_view_count": 310,
        "user_id": "06a99a75-7bed-4943-9b7b-9ef9a1377bf3"
    },
    {
        "post_uid": "725718b1-d7e6-4f49-9402-4aff71d13584",
        "delete_reason": "NULL",
        "is_deleted": 0,
        "post_category": "BUYANDSELL",
        "post_content": "\uACE0\uC591\uC774 \uC790\uB3D9 \uAE09\uC2DD\uAE30\uB97C \uD310\uB9E4\uD569\uB2C8\uB2E4. 2\uC2DD\uC0AC \uC124\uC815 \uAC00\uB2A5\uD558\uBA70, \uC2A4\uB9C8\uD2B8\uD3F0\uC73C\uB85C \uC6D0\uACA9 \uC870\uC815\uC774 \uAC00\uB2A5\uD569\uB2C8\uB2E4. \uC0C1\uD0DC \uB9E4\uC6B0 \uC88B\uACE0, 2023\uB144 11\uC6D4\uC5D0 \uAD6C\uC785\uD55C \uC81C\uD488\uC785\uB2C8\uB2E4. \uAC00\uACA9\uC740 30,000\uC6D0\uC774\uBA70, \uC9C1\uAC70\uB798 \uAC00\uB2A5\uD569\uB2C8\uB2E4.",
        "post_created_at": "2024-12-03 14:00:00.000000",
        "post_id": 10,
        "post_img_url": "[\"8a186e8c-e4e2-4ffa-ac9d-df3c0f835160.jpg\"]",
        "post_title": "\uACE0\uC591\uC774 \uC790\uB3D9 \uAE09\uC2DD\uAE30 \uD310\uB9E4\uD569\uB2C8\uB2E4",
        "post_updated_at": "2024-12-03 14:00:00.000000",
        "post_view_count": 151,
        "user_id": "f78f04bf-eccd-4f7a-8389-6b241a7a6aae"
    },
    {
        "post_uid": "7993d9dd-2718-4ef4-bfec-2bee84885381",
        "delete_reason": "NULL",
        "is_deleted": 0,
        "post_category": "ADOPTREVIEW",
        "post_content": "\uC785\uC591\uD55C \uACE0\uC591\uC774\uAC00 \uC774\uC81C \uC9D1\uC5D0 \uC801\uC751\uD574\uC11C \uC798 \uC9C0\uB0B4\uACE0 \uC788\uC5B4\uC694. \uCC98\uC74C\uC5D4 \uB0AF\uC124\uC5B4\uD588\uC9C0\uB9CC, \uC774\uC81C\uB294 \uC0AC\uB78C\uB4E4\uACFC \uD568\uAED8 \uC790\uACE0, \uC798 \uBA39\uACE0 \uC798 \uB180\uC544\uC694. \uB108\uBB34 \uD589\uBCF5\uD569\uB2C8\uB2E4.",
        "post_created_at": "2024-11-30 09:45:00.000000",
        "post_id": 7,
        "post_img_url": "[\"852adeb1-3d3e-4b8a-a9b7-8c4ae64ec3ea.jpg\"]",
        "post_title": "\uC785\uC591\uD55C \uACE0\uC591\uC774\uAC00 \uC798 \uC9C0\uB0B4\uACE0 \uC788\uC5B4\uC694!",
        "post_updated_at": "2024-11-30 09:45:00.000000",
        "post_view_count": 687,
        "user_id": "368de3a0-e332-4cbd-ac9f-eb8f39c7a97e"
    },
    {
        "post_uid": "79a1dbad-774a-4c12-af2f-dfa514da37cc",
        "delete_reason": "NULL",
        "is_deleted": 0,
        "post_category": "BUYANDSELL",
        "post_content": "\uC0AC\uC774\uC988 L\uC778 \uAC15\uC544\uC9C0 \uC637\uC744 \uD310\uB9E4\uD569\uB2C8\uB2E4. \uD55C \uBC88\uB3C4 \uC785\uD788\uC9C0 \uC54A\uC558\uACE0, \uC0C1\uD0DC\uB294 \uB9E4\uC6B0 \uC0C8 \uAC83\uC785\uB2C8\uB2E4. \uAC15\uC544\uC9C0\uC5D0\uAC8C \uB531 \uB9DE\uB294 \uC608\uC05C \uB514\uC790\uC778\uC73C\uB85C, \uACA8\uC6B8\uC5D0 \uB530\uB73B\uD558\uAC8C \uC785\uD790 \uC218 \uC788\uC2B5\uB2C8\uB2E4. \uAC00\uACA9\uC740 15,000\uC6D0\uC785\uB2C8\uB2E4. \uAD00\uC2EC \uC788\uC73C\uC2E0 \uBD84\uC740 \uC5F0\uB77D \uC8FC\uC138\uC694!",
        "post_created_at": "2024-12-04 17:30:00.000000",
        "post_id": 59,
        "post_img_url": "[\"e9bc7252-1380-414d-ad89-5e301ce8336e.jpg\"]",
        "post_title": "\uC0AC\uC774\uC988 L \uAC15\uC544\uC9C0 \uC637 \uD310\uB9E4\uD569\uB2C8\uB2E4.",
        "post_updated_at": "2024-12-04 17:30:00.000000",
        "post_view_count": 150,
        "user_id": "4b319be7-a20d-464f-9ad0-6bc5d401d48c"
    },
    {
        "post_uid": "83974a1c-7581-4cef-9481-0d5f02fa8a8f",
        "delete_reason": "NULL",
        "is_deleted": 0,
        "post_category": "ADOPTREVIEW",
        "post_content": "\uC785\uC591\uD55C \uACE0\uC591\uC774\uAC00 \uC9D1\uC5D0 \uC640\uC11C \uCCAB\uB0A0\uBD80\uD130 \uB108\uBB34 \uADC0\uC5FD\uACE0 \uCE5C\uC808\uD558\uAC8C \uB2E4\uAC00\uC654\uC5B4\uC694. \uC774\uC81C\uB294 \uAC00\uC871\uCC98\uB7FC \uD568\uAED8 \uC0B4\uACE0 \uC788\uB2F5\uB2C8\uB2E4. \uC785\uC591\uC744 \uB9DD\uC124\uC774\uC9C0 \uB9C8\uC138\uC694!",
        "post_created_at": "2024-12-03 21:00:00.000000",
        "post_id": 27,
        "post_img_url": "[\"b0208404-1b1d-4462-962c-ab529ebe177b.jpg\"]",
        "post_title": "\uC785\uC591\uD55C \uACE0\uC591\uC774\uAC00 \uB108\uBB34 \uC0AC\uB791\uC2A4\uB7EC\uC6CC\uC694!",
        "post_updated_at": "2024-12-03 21:00:00.000000",
        "post_view_count": 320,
        "user_id": "8fb98fb6-6b3c-4a00-92f8-68a0f53bf0ae"
    },
    {
        "post_uid": "8a3a14b2-ab57-4974-9175-1144d1e67e41",
        "delete_reason": "NULL",
        "is_deleted": 0,
        "post_category": "ADOPTREVIEW",
        "post_content": "\uC785\uC591\uD55C \uACE0\uC591\uC774 '\uC18C\uB098\uBB34'\uB294 \uCC98\uC74C\uC5D0\uB294 \uB108\uBB34 \uC18C\uC2EC\uD588\uC9C0\uB9CC, \uC774\uC81C\uB294 \uC6B0\uB9AC \uC9D1\uC5D0\uC11C \uAC00\uC7A5 \uD65C\uBC1C\uD558\uACE0 \uC560\uAD50 \uB9CE\uC740 \uACE0\uC591\uC774\uAC00 \uB418\uC5C8\uC5B4\uC694! \uB108\uBB34 \uC0AC\uB791\uC2A4\uB7FD\uC2B5\uB2C8\uB2E4.",
        "post_created_at": "2024-12-03 22:45:00.000000",
        "post_id": 32,
        "post_img_url": "[\"9bd3bb15-4875-41e3-aab3-eaa8a7bf8624.jpg\"]",
        "post_title": "\uC785\uC591\uD55C \uACE0\uC591\uC774 '\uC18C\uB098\uBB34'\uC758 \uBCC0\uD654",
        "post_updated_at": "2024-12-03 22:45:00.000000",
        "post_view_count": 190,
        "user_id": "8e968eff-bb85-4cf0-a2c1-cb11bd0733fd"
    },
    {
        "post_uid": "934a885b-0088-44b9-b1eb-611c8079ae44",
        "delete_reason": "NULL",
        "is_deleted": 0,
        "post_category": "BUYANDSELL",
        "post_content": "\uAC15\uC544\uC9C0 \uC0AC\uB8CC 3\uC885 \uC138\uD2B8\uB97C \uD310\uB9E4\uD569\uB2C8\uB2E4. \uAC74\uC2DD 5kg, \uC2B5\uC2DD 12\uCE94, \uD2B9\uC218\uC2DD 3kg \uBAA8\uB450 2023\uB144 \uC81C\uC870\uB41C \uC81C\uD488\uC73C\uB85C \uC0C1\uD0DC \uB9E4\uC6B0 \uC591\uD638\uD569\uB2C8\uB2E4. \uC138 \uAC00\uC9C0 \uBAA8\uB450 \uD568\uAED8 \uD310\uB9E4\uD558\uBA70, \uAC00\uACA9\uC740 40,000\uC6D0\uC785\uB2C8\uB2E4. \uAD00\uC2EC \uC788\uB294 \uBD84\uC740 \uC5F0\uB77D \uC8FC\uC138\uC694.",
        "post_created_at": "2024-12-03 16:30:00.000000",
        "post_id": 14,
        "post_img_url": "[\"7b296ba8-a8fe-444d-83af-d3b44881016f.jpg\"]",
        "post_title": "\uAC15\uC544\uC9C0 \uC0AC\uB8CC 3\uC885 \uC138\uD2B8 \uD310\uB9E4\uD569\uB2C8\uB2E4 (\uAC74\uC2DD, \uC2B5\uC2DD \uD3EC\uD568)",
        "post_updated_at": "2024-12-03 16:30:00.000000",
        "post_view_count": 298,
        "user_id": "8fcc64bc-6018-4f24-9dce-ae7160bf106b"
    },
    {
        "post_uid": "94191526-525e-4f59-afa9-1c940d7c601e",
        "delete_reason": "NULL",
        "is_deleted": 0,
        "post_category": "REPORT",
        "post_content": "\uC624\uB298 \uC624\uD6C4 \uC778\uCC9C \uB0A8\uB3D9\uAD6C\uC758 \uD55C \uC8FC\uCC28\uC7A5\uC5D0\uC11C \uCC28\uB7C9 \uC548\uC5D0 \uC7A5\uC2DC\uAC04 \uBC29\uCE58\uB41C \uB300\uD615\uACAC\uC744 \uBC1C\uACAC\uD588\uC2B5\uB2C8\uB2E4. \uC678\uBD80 \uAE30\uC628\uC774 \uB192\uC740 \uC0C1\uD669\uC5D0\uC11C \uBB3C\uACFC \uADF8\uB298 \uC5C6\uC774 \uBC29\uCE58\uB418\uC5B4 \uC788\uC5B4 \uB3D9\uBB3C\uD559\uB300\uC758 \uC2EC\uAC01\uD55C \uC815\uD669\uC744 \uD655\uC778\uD588\uC2B5\uB2C8\uB2E4. \uC989\uAC01\uC801\uC778 \uAD6C\uC870\uC640 \uC8FC\uC778 \uC870\uC0AC\uAC00 \uD544\uC694\uD574 \uBCF4\uC785\uB2C8\uB2E4.",
        "post_created_at": "2024-12-03 16:00:00.000000",
        "post_id": 13,
        "post_img_url": "[\"c588b702-aa56-4f1c-a961-4eff3fcd0f4d.jpg\"]",
        "post_title": "\uB3D9\uBB3C \uBC29\uCE58 \uC815\uD669 \uC2E0\uACE0 - \uCC28\uB7C9 \uC548 \uC720\uAE30\uACAC \uBC1C\uACAC",
        "post_updated_at": "2024-12-03 16:00:00.000000",
        "post_view_count": 124,
        "user_id": "8fb98fb6-6b3c-4a00-92f8-68a0f53bf0ae"
    },
    {
        "post_uid": "95007f19-3e4b-4bf1-9dfa-12151aff3311",
        "delete_reason": "NULL",
        "is_deleted": 0,
        "post_category": "REPORT",
        "post_content": "\uBD80\uC0B0 \uD574\uC6B4\uB300 \uC9C0\uC5ED\uC758 \uD55C \uC544\uD30C\uD2B8 \uB2E8\uC9C0\uC5D0\uC11C \uC9C0\uC18D\uC801\uC778 \uAE38\uACE0\uC591\uC774 \uD559\uB300 \uC815\uD669\uC744 \uBC1C\uACAC\uD588\uC2B5\uB2C8\uB2E4. \uCD5C\uADFC 3\uC8FC\uAC04 \uC5EC\uB7EC \uB9C8\uB9AC\uC758 \uAE38\uACE0\uC591\uC774\uAC00 \uC758\uC2EC\uC2A4\uB7EC\uC6B4 \uC0C1\uD669\uC73C\uB85C \uC0AC\uB77C\uC84C\uC73C\uBA70, \uBA85\uBC31\uD55C \uC778\uC704\uC801 \uD559\uB300 \uD754\uC801\uC744 \uD655\uC778\uD588\uC2B5\uB2C8\uB2E4. \uD574\uB2F9 \uC9C0\uC5ED \uACBD\uCC30\uACFC \uB3D9\uBB3C\uBCF4\uD638\uB2E8\uCCB4\uC758 \uC2E0\uC18D\uD55C \uC870\uC0AC\uB97C \uC694\uCCAD\uB4DC\uB9BD\uB2C8\uB2E4.",
        "post_created_at": "2024-12-02 13:30:00.000000",
        "post_id": 8,
        "post_img_url": "[\"0ce126af-9cee-4e11-83f1-7fb558545041.jpg\"]",
        "post_title": "\uAE38\uACE0\uC591\uC774 \uC9D1\uB2E8 \uD559\uB300 \uC815\uD669 \uC2E0\uACE0\uD569\uB2C8\uB2E4",
        "post_updated_at": "2024-12-02 13:30:00.000000",
        "post_view_count": 278,
        "user_id": "67e2314d-528d-46ba-bcb8-fb9401c92793"
    },
    {
        "post_uid": "959c7d92-8a71-4149-ab4d-7f14812a27ac",
        "delete_reason": "NULL",
        "is_deleted": 0,
        "post_category": "REPORT",
        "post_content": "\uC6B0\uB9AC \uB3D9\uB124\uC5D0 \uAE38\uACE0\uC591\uC774\uAC00 \uB9CE\uC2B5\uB2C8\uB2E4. \uB9CE\uC740 \uACE0\uC591\uC774\uB4E4\uC774 \uC9C0\uB098\uCE58\uAC8C \uBC00\uC9D1\uB418\uC5B4 \uC788\uACE0, \uAC74\uAC15 \uC0C1\uD0DC\uB3C4 \uC88B\uC9C0 \uC54A\uC73C\uBA70, \uC8FC\uBCC0 \uD658\uACBD\uB3C4 \uBE44\uC704\uC0DD\uC801\uC785\uB2C8\uB2E4. \uC774\uB97C \uC2E0\uACE0\uD558\uACE0 \uC2F6\uC2B5\uB2C8\uB2E4.",
        "post_created_at": "2024-12-04 15:00:00.000000",
        "post_id": 55,
        "post_img_url": "[\"b2dc6c57-afc8-475e-b4ec-4fa87aab0611.jpg\"]",
        "post_title": "\uAE38\uACE0\uC591\uC774 \uBC00\uC9D1\uC9C0\uC5ED \uBC1C\uACAC",
        "post_updated_at": "2024-12-04 15:00:00.000000",
        "post_view_count": 170,
        "user_id": "7a92ae42-876c-4297-9b5c-95c6e7de2eda"
    },
    {
        "post_uid": "9ab6d728-b674-4640-bb88-43090383563d",
        "delete_reason": "NULL",
        "is_deleted": 0,
        "post_category": "",
        "post_content": "\uC720\uAE30\uACAC \uBCF4\uD638\uC18C\uC5D0\uC11C\uB294 \uAE30\uBD80 \uBB3C\uD488\uC744 \uBC1B\uC2B5\uB2C8\uB2E4. \uC720\uAE30\uACAC\uB4E4\uC758 \uC0DD\uD65C\uC5D0 \uD544\uC694\uD55C \uB2E4\uC591\uD55C \uBB3C\uD488\uB4E4\uC5D0 \uB300\uD55C \uAE30\uBD80\uB97C \uBD80\uD0C1\uB4DC\uB9BD\uB2C8\uB2E4. \uD544\uC694\uD55C \uD488\uBAA9\uC740 \uBCF4\uD638\uC18C \uACF5\uC9C0\uC0AC\uD56D\uC744 \uD1B5\uD574 \uD655\uC778\uD560 \uC218 \uC788\uC2B5\uB2C8\uB2E4.",
        "post_created_at": "2024-12-05 00:00:00.000000",
        "post_id": 75,
        "post_img_url": "[]",
        "post_title": "\uC720\uAE30\uACAC \uBCF4\uD638\uC18C \uAE30\uBD80 \uBB3C\uD488 \uC548\uB0B4",
        "post_updated_at": "2024-12-05 00:00:00.000000",
        "post_view_count": 160,
        "user_id": "dcb02621-65da-489b-98f7-0cbe85386d92"
    },
    {
        "post_uid": "9d39ba93-78c2-40fc-94db-ff436bfa56a2",
        "delete_reason": "NULL",
        "is_deleted": 0,
        "post_category": "REPORT",
        "post_content": "\uAE38\uAC70\uB9AC\uC5D0 \uBC84\uB824\uC9C4 \uB3D9\uBB3C\uC774 \uD559\uB300\uB2F9\uD558\uB294 \uBAA8\uC2B5\uC744 \uBAA9\uACA9\uD588\uC2B5\uB2C8\uB2E4. \uB3D9\uBB3C\uC5D0\uAC8C \uC0C1\uCC98\uB97C \uC785\uD788\uACE0 \uC788\uB358 \uC0AC\uB78C\uC744 \uBAA9\uACA9\uD588\uC73C\uB2C8, \uC870\uC18D\uD788 \uCC98\uB9AC\uAC00 \uD544\uC694\uD569\uB2C8\uB2E4.",
        "post_created_at": "2024-12-04 08:30:00.000000",
        "post_id": 45,
        "post_img_url": "[\"430c24a9-ca6f-4090-a0a8-7ec84b667718.jpg\"]",
        "post_title": "\uB3D9\uBB3C \uD559\uB300 \uC0AC\uAC74 \uC2E0\uACE0",
        "post_updated_at": "2024-12-04 08:30:00.000000",
        "post_view_count": 230,
        "user_id": "99571590-bf45-4ad0-ac32-de1c7cb1b1ff"
    },
    {
        "post_uid": "9dc6f215-28e7-4212-9a76-5f1fa6f9ad2d",
        "delete_reason": "NULL",
        "is_deleted": 0,
        "post_category": "ADOPTREVIEW",
        "post_content": "'\uD398\uD398'\uB97C \uC785\uC591\uD558\uACE0 \uB098\uC11C \uB9E4\uC77C\uB9E4\uC77C\uC774 \uD589\uBCF5\uD574\uC694. \uCC98\uC74C\uC5D4 \uB9CE\uC774 \uAC81\uC744 \uBA39\uC5C8\uC9C0\uB9CC, \uC774\uC81C\uB294 \uB0B4 \uD488\uC5D0\uC11C \uC790\uACE0, \uC606\uC5D0\uC11C \uAC19\uC774 \uC2DC\uAC04\uC744 \uBCF4\uB0B4\uC694. \uC815\uB9D0 \uC18C\uC911\uD55C \uAC00\uC871\uC774 \uB418\uC5C8\uC5B4\uC694.",
        "post_created_at": "2024-12-04 05:30:00.000000",
        "post_id": 42,
        "post_img_url": "[\"efc54a1b-cfbc-4bc2-a1fe-19f686d102f5.jpg\"]",
        "post_title": "\uC785\uC591\uD55C \uACE0\uC591\uC774 '\uD398\uD398'\uC758 \uC0AC\uB791\uC2A4\uB7EC\uC6B4 \uBAA8\uC2B5",
        "post_updated_at": "2024-12-04 05:30:00.000000",
        "post_view_count": 230,
        "user_id": "368de3a0-e332-4cbd-ac9f-eb8f39c7a97e"
    },
    {
        "post_uid": "9e5ba380-4089-48e7-937b-ac975a7b29dc",
        "delete_reason": "NULL",
        "is_deleted": 0,
        "post_category": "ADOPTREVIEW",
        "post_content": "2024\uB144 11\uC6D4 30\uC77C\uC5D0 \uC785\uC591\uD55C \uC544\uAE30 \uACE0\uC591\uC774\uAC00 \uC774\uC81C \uCCAB\uB0A0\uC744 \uBCF4\uB0B4\uACE0 \uC788\uC2B5\uB2C8\uB2E4. \uCC98\uC74C\uC5D4 \uB9E4\uC6B0 \uC218\uC90D\uC5B4\uD588\uC9C0\uB9CC, \uC774\uC81C \uC870\uAE08\uC529 \uC6B0\uB9AC \uC9D1\uC5D0 \uC801\uC751\uD558\uACE0 \uC788\uC5B4\uC694. \uB108\uBB34 \uC0AC\uB791\uC2A4\uB7EC\uC6CC\uC694!",
        "post_created_at": "2024-12-02 17:20:00.000000",
        "post_id": 12,
        "post_img_url": "[\"664e53be-f114-4ffc-b88d-49288530cb9a.jpg\"]",
        "post_title": "\uC785\uC591\uD55C \uC544\uAE30 \uACE0\uC591\uC774 \uCCAB \uB0A0 \uD6C4\uAE30",
        "post_updated_at": "2024-12-02 17:20:00.000000",
        "post_view_count": 312,
        "user_id": "7da7183d-1726-458a-a620-93590251ca85"
    },
    {
        "post_uid": "a07632a9-4622-4805-a156-85530b7be6f7",
        "delete_reason": "NULL",
        "is_deleted": 0,
        "post_category": "ADOPTREVIEW",
        "post_content": "'\uBC24\uBE44'\uB294 1\uC0B4 \uB41C \uACE0\uC591\uC774\uB85C, \uC785\uC591 \uD6C4 2\uC8FC\uAC00 \uC9C0\uB098\uBA74\uC11C \uC810\uC810 \uB354 \uCE5C\uADFC\uD574\uC84C\uC2B5\uB2C8\uB2E4. \uCC98\uC74C\uC5D0\uB294 \uC0AC\uB78C\uC744 \uB9CE\uC774 \uACBD\uACC4\uD588\uC9C0\uB9CC, \uC9C0\uAE08\uC740 \uC6B0\uB9AC \uC9D1\uC5D0\uC11C \uAC00\uC7A5 \uC0AC\uB791\uBC1B\uB294 \uACE0\uC591\uC774\uAC00 \uB418\uC5C8\uC5B4\uC694. \uBC24\uBE44\uB294 \uC544\uC8FC \uCC28\uBD84\uD558\uACE0, \uC870\uAE08 \uC11C\uD234\uC9C0\uB9CC \uB9E4\uC77C \uB098\uC5D0\uAC8C \uC0AC\uB791\uC2A4\uB7EC\uC6B4 \uB208\uBE5B\uC744 \uBCF4\uB0B4\uB294 \uAC83\uC774 \uB108\uBB34 \uADC0\uC5FD\uC2B5\uB2C8\uB2E4.",
        "post_created_at": "2024-12-04 16:30:00.000000",
        "post_id": 57,
        "post_img_url": "[\"3bb30c12-b1ab-4864-a8b3-118638a23277.jpg\"]",
        "post_title": "\uC785\uC591 \uD6C4 \uACE0\uC591\uC774 '\uBC24\uBE44'\uC640 \uD589\uBCF5\uD55C \uC2DC\uAC04",
        "post_updated_at": "2024-12-04 16:30:00.000000",
        "post_view_count": 170,
        "user_id": "9d6fa4b8-7a0a-4abc-bfe4-6a2929a896e0"
    },
    {
        "post_uid": "a5a826d1-a91e-41aa-b719-a1e67893e393",
        "delete_reason": "NULL",
        "is_deleted": 0,
        "post_category": "FINDCHILD",
        "post_content": "'\uD1A0\uD1A0'\uB294 12\uC6D4 3\uC77C \uC624\uD6C4 5\uC2DC\uACBD \uC2E4\uC885\uB418\uC5C8\uC2B5\uB2C8\uB2E4. \uAC80\uC740\uC0C9\uACFC \uD770\uC0C9\uC774 \uC11E\uC778 \uACE0\uC591\uC774\uB85C, \uBAA9\uC5D0 \uD30C\uB780\uC0C9 \uBAA9\uAC78\uC774\uB97C \uCC29\uC6A9\uD558\uACE0 \uC788\uC2B5\uB2C8\uB2E4. \uD639\uC2DC\uB77C\uB3C4 \uBCF4\uC168\uAC70\uB098 \uC544\uC2DC\uB294 \uBD84\uC740 \uC5F0\uB77D \uBD80\uD0C1\uB4DC\uB9BD\uB2C8\uB2E4.",
        "post_created_at": "2024-12-04 11:30:00.000000",
        "post_id": 50,
        "post_img_url": "[\"05ae883e-06c1-4dfd-bb12-9682d1697eea.jpg\"]",
        "post_title": "\uC2E4\uC885\uB41C \uACE0\uC591\uC774 '\uD1A0\uD1A0'\uB97C \uCC3E\uC2B5\uB2C8\uB2E4",
        "post_updated_at": "2024-12-04 11:30:00.000000",
        "post_view_count": 150,
        "user_id": "54a8cbc2-b17e-419a-b22f-8cf7bb795c29"
    },
    {
        "post_uid": "a742c09a-7cd5-47b2-9c27-b0ad3b53e48a",
        "delete_reason": "NULL",
        "is_deleted": 0,
        "post_category": "",
        "post_content": "\uC785\uC591\uC744 \uC6D0\uD558\uC2DC\uB294 \uBD84\uB4E4\uC740 \uC785\uC591 \uC2E0\uCCAD\uC11C\uB97C \uC81C\uCD9C\uD574 \uC8FC\uC138\uC694. \uC2E0\uCCAD\uC11C\uB294 \uBCF4\uD638\uC18C\uC5D0 \uBC29\uBB38\uD558\uC2DC\uAC70\uB098 \uC628\uB77C\uC778\uC73C\uB85C \uC81C\uCD9C\uD558\uC2E4 \uC218 \uC788\uC2B5\uB2C8\uB2E4. \uC2E0\uCCAD\uC11C \uC81C\uCD9C \uD6C4 \uC0C1\uB2F4\uC744 \uD1B5\uD574 \uC785\uC591 \uC5EC\uBD80\uAC00 \uACB0\uC815\uB429\uB2C8\uB2E4.",
        "post_created_at": "2024-12-04 18:00:00.000000",
        "post_id": 69,
        "post_img_url": "[]",
        "post_title": "\uC720\uAE30\uACAC \uC785\uC591 \uC2E0\uCCAD\uC11C \uC81C\uCD9C \uC548\uB0B4",
        "post_updated_at": "2024-12-04 18:00:00.000000",
        "post_view_count": 170,
        "user_id": "dcb02621-65da-489b-98f7-0cbe85386d92"
    },
    {
        "post_uid": "b2b5adda-7135-4116-91a1-4968f69cfc87",
        "delete_reason": "NULL",
        "is_deleted": 0,
        "post_category": "BUYANDSELL",
        "post_content": "\uACE0\uC591\uC774 \uC0AC\uB8CC \uC138\uD2B8 \uD310\uB9E4\uD569\uB2C8\uB2E4. \uACE0\uAE09 \uBE0C\uB79C\uB4DC\uB85C \uD3EC\uC7A5\uB41C 5kg\uC9DC\uB9AC \uC0AC\uB8CC\uC640 \uCE94 10\uAC1C\uAC00 \uD3EC\uD568\uB418\uC5B4 \uC788\uC2B5\uB2C8\uB2E4. \uACE0\uC591\uC774\uB97C \uD0A4\uC6B0\uC2DC\uB294 \uBD84\uB4E4\uAED8 \uC801\uD569\uD569\uB2C8\uB2E4.",
        "post_created_at": "2024-12-04 03:00:00.000000",
        "post_id": 38,
        "post_img_url": "[\"f688250f-77ca-4ded-aa26-0dd92afac883.jpg\"]",
        "post_title": "\uACE0\uC591\uC774 \uC0AC\uB8CC \uD31D\uB2C8\uB2E4! \uACE0\uAE09\uC0AC\uB8CC \uC138\uD2B8",
        "post_updated_at": "2024-12-04 03:00:00.000000",
        "post_view_count": 170,
        "user_id": "4651812a-ecf6-4422-b6a4-775620724175"
    },
    {
        "post_uid": "b3cf0c8d-18ea-4375-a7f4-dab1f028e604",
        "delete_reason": "NULL",
        "is_deleted": 0,
        "post_category": "",
        "post_content": "\uC800\uD76C \uBCF4\uD638\uC18C\uC5D0\uC11C \uC785\uC591\uD55C \uC720\uAE30\uACAC\uB4E4\uC758 \uD6C4\uAE30\uB97C \uBAA8\uC9D1\uD569\uB2C8\uB2E4. \uC785\uC591\uD558\uC2E0 \uBD84\uB4E4\uC758 \uB530\uB73B\uD55C \uC774\uC57C\uAE30\uB97C \uACF5\uC720\uD574 \uC8FC\uC138\uC694. \uD6C4\uAE30\uB97C \uC791\uC131\uD574 \uC8FC\uC2E0 \uBD84\uB4E4\uAED8\uB294 \uC18C\uC815\uC758 \uC120\uBB3C\uC774 \uC81C\uACF5\uB429\uB2C8\uB2E4.",
        "post_created_at": "2024-12-04 14:00:00.000000",
        "post_id": 65,
        "post_img_url": "[]",
        "post_title": "\uC720\uAE30\uACAC \uC785\uC591 \uD6C4\uAE30 \uBAA8\uC9D1",
        "post_updated_at": "2024-12-04 14:00:00.000000",
        "post_view_count": 100,
        "user_id": "dcb02621-65da-489b-98f7-0cbe85386d92"
    },
    {
        "post_uid": "b4189de4-8e1b-483a-97f1-4d0cdbe7b934",
        "delete_reason": "NULL",
        "is_deleted": 0,
        "post_category": "ADOPTREVIEW",
        "post_content": "\uC785\uC591\uD55C \uAC15\uC544\uC9C0\uAC00 \uC774\uC81C \uC9D1\uC5D0\uC11C \uB108\uBB34 \uD589\uBCF5\uD574 \uBCF4\uC785\uB2C8\uB2E4. \uCC98\uC74C\uC5D0\uB294 \uC870\uAE08 \uB0AF\uC124\uC5B4\uD588\uC9C0\uB9CC, \uC774\uC81C\uB294 \uC2DD\uC0AC \uC2DC\uAC04\uB9C8\uB2E4 \uAF2C\uB9AC\uB97C \uD754\uB4E4\uBA70 \uAE30\uB2E4\uB9AC\uACE0 \uC788\uC5B4\uC694. \uC785\uC591\uC744 \uB9DD\uC124\uC774\uC9C0 \uB9C8\uC138\uC694!",
        "post_created_at": "2024-12-03 19:00:00.000000",
        "post_id": 21,
        "post_img_url": "[\"83b608c9-5396-4d09-a044-94461221e8f7.jpg\"]",
        "post_title": "\uC785\uC591\uD55C \uAC15\uC544\uC9C0\uAC00 \uAC00\uC871\uC774 \uB418\uAE30\uAE4C\uC9C0",
        "post_updated_at": "2024-12-03 19:00:00.000000",
        "post_view_count": 340,
        "user_id": "9d6fa4b8-7a0a-4abc-bfe4-6a2929a896e0"
    },
    {
        "post_uid": "bb9dbe5b-c97b-428b-a440-f8065888c0f9",
        "delete_reason": "NULL",
        "is_deleted": 0,
        "post_category": "BUYANDSELL",
        "post_content": "\uAC15\uC544\uC9C0 \uC6A9\uD488 \uC138\uD2B8\uB97C \uD310\uB9E4\uD569\uB2C8\uB2E4. \uD558\uB124\uC2A4, \uBC30\uBCC0\uD328\uB4DC, \uC0AC\uB8CC\uD1B5 \uB4F1\uC744 \uD3EC\uD568\uD55C \uC138\uD2B8\uB85C \uC0AC\uC6A9\uD558\uC9C0 \uC54A\uB294 \uBB3C\uD488\uB4E4\uC785\uB2C8\uB2E4. \uC0C1\uD0DC\uB294 \uB9E4\uC6B0 \uC88B\uC2B5\uB2C8\uB2E4.",
        "post_created_at": "2024-12-04 03:30:00.000000",
        "post_id": 39,
        "post_img_url": "[\"54bc5fc6-5241-4ba4-ace6-59378119b34d.jpg\"]",
        "post_title": "\uAC15\uC544\uC9C0 \uC6A9\uD488 \uC138\uD2B8 \uD310\uB9E4! \uD558\uB124\uC2A4, \uBC30\uBCC0\uD328\uB4DC, \uC0AC\uB8CC\uD1B5",
        "post_updated_at": "2024-12-04 03:30:00.000000",
        "post_view_count": 230,
        "user_id": "9d6fa4b8-7a0a-4abc-bfe4-6a2929a896e0"
    },
    {
        "post_uid": "bc9a9f02-c665-4a83-9b5f-cbcdbb50b578",
        "delete_reason": "NULL",
        "is_deleted": 0,
        "post_category": "",
        "post_content": "\uC774\uBC88 \uC8FC \uC790\uC6D0\uBD09\uC0AC \uD65C\uB3D9 \uC77C\uC815\uC740 \uB2E4\uC74C\uACFC \uAC19\uC2B5\uB2C8\uB2E4. 12\uC6D4 5\uC77C\uBD80\uD130 12\uC6D4 7\uC77C\uAE4C\uC9C0 \uBD09\uC0AC \uD65C\uB3D9\uC774 \uC608\uC815\uB418\uC5B4 \uC788\uC73C\uB2C8 \uB9CE\uC740 \uCC38\uC5EC \uBD80\uD0C1\uB4DC\uB9BD\uB2C8\uB2E4. \uBD09\uC0AC\uC5D0 \uCC38\uC5EC\uD574 \uC8FC\uC2E0 \uBD84\uB4E4\uC740 \uC2DD\uC0AC \uC81C\uACF5\uC774 \uC788\uC2B5\uB2C8\uB2E4.",
        "post_created_at": "2024-12-04 17:00:00.000000",
        "post_id": 68,
        "post_img_url": "[]",
        "post_title": "\uC720\uAE30\uACAC \uBCF4\uD638\uC18C \uC790\uC6D0\uBD09\uC0AC \uD65C\uB3D9 \uC77C\uC815",
        "post_updated_at": "2024-12-04 17:00:00.000000",
        "post_view_count": 160,
        "user_id": "dcb02621-65da-489b-98f7-0cbe85386d92"
    },
    {
        "post_uid": "c283ae36-5c13-4119-9529-cb6b52c99d47",
        "delete_reason": "NULL",
        "is_deleted": 0,
        "post_category": "",
        "post_content": "\uB9E4\uB2EC \uC9C4\uD589\uB418\uB294 \uC720\uAE30\uACAC \uBCF4\uD638\uC18C \uD6C4\uC6D0 \uCEA0\uD398\uC778\uC5D0 \uCC38\uC5EC\uD574 \uC8FC\uC138\uC694. \uC815\uAE30 \uD6C4\uC6D0\uC790\uAC00 \uB418\uC5B4 \uC720\uAE30\uACAC\uB4E4\uC5D0\uAC8C \uC9C0\uC18D\uC801\uC778 \uC9C0\uC6D0\uC744 \uBD80\uD0C1\uB4DC\uB9BD\uB2C8\uB2E4. \uD6C4\uC6D0\uC5D0 \uAD00\uD55C \uC790\uC138\uD55C \uC0AC\uD56D\uC740 \uD648\uD398\uC774\uC9C0\uC5D0\uC11C \uD655\uC778\uD560 \uC218 \uC788\uC2B5\uB2C8\uB2E4.",
        "post_created_at": "2024-12-04 22:00:00.000000",
        "post_id": 73,
        "post_img_url": "[]",
        "post_title": "\uC720\uAE30\uACAC \uBCF4\uD638\uC18C \uC815\uAE30 \uD6C4\uC6D0 \uCEA0\uD398\uC778 \uC548\uB0B4",
        "post_updated_at": "2024-12-04 22:00:00.000000",
        "post_view_count": 140,
        "user_id": "dcb02621-65da-489b-98f7-0cbe85386d92"
    },
    {
        "post_uid": "c4304cc1-3857-45d2-b2bc-1cf4cd1f35ee",
        "delete_reason": "NULL",
        "is_deleted": 0,
        "post_category": "REPORT",
        "post_content": "\uC11C\uC6B8 \uAC15\uB3D9\uAD6C\uC5D0\uC11C \uBD88\uBC95 \uC8FC\uC815\uCC28\uB41C \uCC28\uB7C9\uC744 \uBAA9\uACA9\uD588\uC2B5\uB2C8\uB2E4. \uAD50\uCC28\uB85C \uADFC\uCC98\uC5D0 \uBD88\uBC95\uC73C\uB85C \uC8FC\uCC28\uB41C \uCC28\uB7C9\uC774 \uC788\uC5B4 \uAD50\uD1B5\uC5D0 \uBC29\uD574\uAC00 \uB418\uACE0 \uC788\uC2B5\uB2C8\uB2E4. \uC870\uC18D\uD788 \uCC98\uB9AC \uBD80\uD0C1\uB4DC\uB9BD\uB2C8\uB2E4.",
        "post_created_at": "2024-12-03 16:45:00.000000",
        "post_id": 18,
        "post_img_url": "[\"057fd493-f94e-45a2-a28f-7b8e4f8219b7.jpg\"]",
        "post_title": "\uBD88\uBC95 \uC8FC\uC815\uCC28 \uCC28\uB7C9 \uC2E0\uACE0\uD569\uB2C8\uB2E4",
        "post_updated_at": "2024-12-03 16:45:00.000000",
        "post_view_count": 128,
        "user_id": "85b95a95-fe4f-4465-98c7-d7ed00653668"
    },
    {
        "post_uid": "c4b9ad22-298e-49ed-80be-1102b7ceee9a",
        "delete_reason": "NULL",
        "is_deleted": 0,
        "post_category": "FINDCHILD",
        "post_content": "'\uCF54\uCF54'\uB294 \uC9C0\uB09C 12\uC6D4 1\uC77C \uC544\uCE68 10\uC2DC\uACBD \uC6B0\uB9AC \uB3D9\uB124\uC5D0\uC11C \uC0AC\uB77C\uC84C\uC2B5\uB2C8\uB2E4. \uD669\uAC08\uC0C9 \uD478\uB4E4\uB85C, \uC791\uC740 \uD06C\uAE30\uC785\uB2C8\uB2E4. \uBAA9\uC904\uC744 \uCC29\uC6A9\uD558\uACE0 \uC788\uC5C8\uC73C\uBA70, \uB9E4\uC6B0 \uC0AC\uB78C\uC744 \uC88B\uC544\uD558\uB294 \uC131\uACA9\uC744 \uAC00\uC9C0\uACE0 \uC788\uC2B5\uB2C8\uB2E4. \uBC1C\uACAC\uD558\uC2DC\uBA74 \uC5F0\uB77D\uC8FC\uC138\uC694.",
        "post_created_at": "2024-12-04 11:00:00.000000",
        "post_id": 49,
        "post_img_url": "[\"8665397c-71e7-4b53-aaa5-794765158f7e.jpg\"]",
        "post_title": "\uC2E4\uC885\uB41C \uAC15\uC544\uC9C0 '\uCF54\uCF54'\uB97C \uCC3E\uC2B5\uB2C8\uB2E4",
        "post_updated_at": "2024-12-04 11:00:00.000000",
        "post_view_count": 180,
        "user_id": "8fcc64bc-6018-4f24-9dce-ae7160bf106b"
    },
    {
        "post_uid": "d1482336-c927-4ebe-8e10-f821513b9d02",
        "delete_reason": "\uAD00\uB828\uC5C6\uB294 \uAD11\uACE0\uAE00 \uC0AD\uC81C",
        "is_deleted": 1,
        "post_category": "BUYANDSELL",
        "post_content": "2023\uB144 \uBAA8\uB378\uC778 \uC0BC\uC131 \uAC24\uB7ED\uC2DC S23 \uC6B8\uD2B8\uB77C 256GB \uBAA8\uB378\uC744 \uD310\uB9E4\uD569\uB2C8\uB2E4. \uC0C1\uD0DC\uB294 \uC544\uC8FC \uC88B\uC73C\uBA70, \uD654\uBA74 \uBCF4\uD638 \uD544\uB984\uACFC \uCF00\uC774\uC2A4\uB3C4 \uD568\uAED8 \uB4DC\uB9BD\uB2C8\uB2E4. \uAC00\uACA9\uC740 90\uB9CC\uC6D0\uC785\uB2C8\uB2E4.",
        "post_created_at": "2024-12-03 18:00:00.000000",
        "post_id": 16,
        "post_img_url": "[]",
        "post_title": "\uC0BC\uC131 \uAC24\uB7ED\uC2DC S23 \uC6B8\uD2B8\uB77C \uD310\uB9E4\uD569\uB2C8\uB2E4",
        "post_updated_at": "2024-12-03 18:00:00.000000",
        "post_view_count": 200,
        "user_id": "506bedb9-fa45-4700-8372-bee147a12ec2"
    },
    {
        "post_uid": "d2ea71be-262f-4155-a7c9-310e6e22cace",
        "delete_reason": "NULL",
        "is_deleted": 0,
        "post_category": "ADOPTREVIEW",
        "post_content": "'\uB808\uC624'\uB294 3\uAC1C\uC6D4 \uB41C \uAC15\uC544\uC9C0\uB85C, \uC785\uC591 \uD6C4 \uCCAB \uBC88\uC9F8 \uC8FC\uB97C \uBCF4\uB0C8\uC2B5\uB2C8\uB2E4. \uC544\uC8FC \uC0AC\uB791\uC2A4\uB7EC\uC6B4 \uC131\uACA9\uC744 \uAC00\uC9C0\uACE0 \uC788\uACE0, \uC0AC\uB78C\uC744 \uB9E4\uC6B0 \uC88B\uC544\uD558\uB294 \uC544\uC774\uB77C \uC9D1\uC5D0\uC11C\uB3C4 \uC798 \uC801\uC751\uD558\uACE0 \uC788\uC2B5\uB2C8\uB2E4. \uCC98\uC74C\uC5D0\uB294 \uB0AF\uC744 \uAC00\uB9AC\uAE34 \uD588\uC9C0\uB9CC, \uC810\uC810 \uCE5C\uD574\uC9C0\uACE0 \uC788\uC5B4\uC694. \uAC00\uC871\uB4E4\uC774 \uBAA8\uB450 '\uB808\uC624'\uC5D0\uAC8C \uD479 \uBE60\uC84C\uB2F5\uB2C8\uB2E4.",
        "post_created_at": "2024-12-04 16:00:00.000000",
        "post_id": 56,
        "post_img_url": "[\"1070a750-2fd2-4087-a3ea-c8ce2f59af80.jpg\"]",
        "post_title": "\uC785\uC591\uD55C \uAC15\uC544\uC9C0 '\uB808\uC624'\uC640\uC758 \uCCAB \uBC88\uC9F8 \uB9CC\uB0A8",
        "post_updated_at": "2024-12-04 16:00:00.000000",
        "post_view_count": 230,
        "user_id": "06a99a75-7bed-4943-9b7b-9ef9a1377bf3"
    },
    {
        "post_uid": "d4e54c6f-46ac-463d-9717-931dd1a9702f",
        "delete_reason": "NULL",
        "is_deleted": 0,
        "post_category": "REPORT",
        "post_content": "\uC9C0\uB09C\uC8FC, \uC77C\uBD80 \uC0C1\uC810\uC5D0\uC11C \uBC00\uB9E4\uAC00 \uC758\uC2EC\uB418\uB294 \uC560\uC644\uB3D9\uBB3C \uAC70\uB798\uB97C \uD655\uC778\uD588\uC2B5\uB2C8\uB2E4. \uC77C\uBD80 \uD488\uC885\uC758 \uACE0\uC591\uC774\uB098 \uAC1C\uAC00 \uACFC\uB3C4\uD55C \uAC00\uACA9\uC5D0 \uAC70\uB798\uB418\uACE0 \uC788\uC5C8\uC73C\uB2C8, \uC870\uC0AC\uD574\uC8FC\uC2DC\uAE30 \uBC14\uB78D\uB2C8\uB2E4.",
        "post_created_at": "2024-12-04 09:00:00.000000",
        "post_id": 46,
        "post_img_url": "[\"59575dc2-603a-4bcb-b932-29cb8c364503.jpg\"]",
        "post_title": "\uC560\uC644\uB3D9\uBB3C \uBC00\uB9E4 \uC758\uC2EC \uC2E0\uACE0",
        "post_updated_at": "2024-12-04 09:00:00.000000",
        "post_view_count": 170,
        "user_id": "06a99a75-7bed-4943-9b7b-9ef9a1377bf3"
    },
    {
        "post_uid": "d7e5a914-5db0-4385-b0ba-8e4d7325cd44",
        "delete_reason": "NULL",
        "is_deleted": 0,
        "post_category": "",
        "post_content": "\uC800\uD76C \uC720\uAE30\uACAC \uBCF4\uD638\uC18C\uC5D0\uC11C\uB294 \uC790\uC6D0\uBD09\uC0AC\uC790\uB97C \uBAA8\uC9D1\uD569\uB2C8\uB2E4. \uBD09\uC0AC\uC5D0 \uAD00\uC2EC\uC774 \uC788\uC73C\uC2E0 \uBD84\uB4E4\uC740 \uC2E0\uCCAD\uC11C\uB97C \uC791\uC131\uD558\uC5EC \uC8FC\uC2DC\uAE30 \uBC14\uB78D\uB2C8\uB2E4. \uBD09\uC0AC\uD65C\uB3D9\uC740 \uC8FC\uB9D0\uC5D0 \uC9C4\uD589\uB418\uBA70, \uB9CE\uC740 \uAD00\uC2EC\uACFC \uCC38\uC5EC \uBD80\uD0C1\uB4DC\uB9BD\uB2C8\uB2E4.",
        "post_created_at": "2024-12-04 10:00:00.000000",
        "post_id": 61,
        "post_img_url": "[]",
        "post_title": "\uC720\uAE30\uACAC \uBCF4\uD638\uC18C \uC790\uC6D0\uBD09\uC0AC\uC790 \uBAA8\uC9D1 \uC548\uB0B4",
        "post_updated_at": "2024-12-04 10:00:00.000000",
        "post_view_count": 180,
        "user_id": "dcb02621-65da-489b-98f7-0cbe85386d92"
    },
    {
        "post_uid": "d8dd07a1-bb8d-49d6-9cd7-6fdf7975a434",
        "delete_reason": "NULL",
        "is_deleted": 0,
        "post_category": "FINDCHILD",
        "post_content": "\uACBD\uAE30\uB3C4 \uACE0\uC591\uC2DC\uC5D0\uC11C \uC791\uC740 \uAC80\uC740\uC0C9 \uAC15\uC544\uC9C0 '\uB9AC\uD2C0'\uC774 \uC2E4\uC885\uB418\uC5C8\uC2B5\uB2C8\uB2E4. \uBAA9\uAC78\uC774\uB97C \uCC29\uC6A9\uD558\uACE0 \uC788\uC5C8\uC73C\uBA70, \uC0AC\uB78C\uC744 \uB9E4\uC6B0 \uC88B\uC544\uD558\uB294 \uC131\uACA9\uC785\uB2C8\uB2E4. \uBCF4\uC2E0 \uBD84\uC740 \uAF2D \uC5F0\uB77D \uBD80\uD0C1\uB4DC\uB9BD\uB2C8\uB2E4.",
        "post_created_at": "2024-12-04 02:00:00.000000",
        "post_id": 37,
        "post_img_url": "[\"d087a99e-647c-4c39-8136-b0e21ba5d0a1.jpg\"]",
        "post_title": "\uACBD\uAE30\uB3C4 \uACE0\uC591\uC2DC\uC5D0\uC11C \uC2E4\uC885\uB41C \uAC15\uC544\uC9C0 '\uB9AC\uD2C0' \uCC3E\uC2B5\uB2C8\uB2E4",
        "post_updated_at": "2024-12-04 02:00:00.000000",
        "post_view_count": 170,
        "user_id": "f56bff85-d3e5-4c05-9b73-d9441950467a"
    },
    {
        "post_uid": "dcd96622-07de-4568-aad5-37472adefca5",
        "delete_reason": "NULL",
        "is_deleted": 0,
        "post_category": "FINDCHILD",
        "post_content": "\uC778\uCC9C \uBD80\uD3C9\uAD6C\uC5D0\uC11C \uC791\uC740 \uD558\uC580\uC0C9 \uD478\uB4E4 \uAC15\uC544\uC9C0 '\uB8E8\uBE44'\uAC00 \uC2E4\uC885\uB418\uC5C8\uC2B5\uB2C8\uB2E4. \uBE68\uAC04\uC0C9 \uB9AC\uBCF8\uC774 \uB2EC\uB9B0 \uBAA9\uAC78\uC774\uB97C \uD558\uACE0 \uC788\uC2B5\uB2C8\uB2E4. \uD639\uC2DC \uBAA9\uACA9\uD558\uC2E0 \uBD84\uC740 \uC5F0\uB77D \uBD80\uD0C1\uB4DC\uB9BD\uB2C8\uB2E4.",
        "post_created_at": "2024-12-03 23:00:00.000000",
        "post_id": 31,
        "post_img_url": "[\"8ba08a9c-a608-41c9-9a74-d86c66c8b206.jpg\"]",
        "post_title": "\uC778\uCC9C \uBD80\uD3C9\uAD6C\uC5D0\uC11C \uC2E4\uC885\uB41C \uAC15\uC544\uC9C0 '\uB8E8\uBE44' \uCC3E\uC2B5\uB2C8\uB2E4",
        "post_updated_at": "2024-12-03 23:00:00.000000",
        "post_view_count": 180,
        "user_id": "4b319be7-a20d-464f-9ad0-6bc5d401d48c"
    },
    {
        "post_uid": "e4bb1a12-e8cb-4e7a-b2fc-baa3fd25d855",
        "delete_reason": "NULL",
        "is_deleted": 0,
        "post_category": "",
        "post_content": "\uC720\uAE30\uACAC \uC785\uC591 \uD504\uB85C\uADF8\uB7A8\uC774 \uC2DC\uC791\uB418\uC5C8\uC2B5\uB2C8\uB2E4. \uC0C8\uB85C\uC6B4 \uAC00\uC871\uC744 \uCC3E\uACE0 \uC788\uB294 \uC720\uAE30\uACAC\uB4E4\uC744 \uC18C\uAC1C\uD574 \uB4DC\uB9BD\uB2C8\uB2E4. \uC785\uC591\uC744 \uC6D0\uD558\uB294 \uBD84\uB4E4\uC740 \uBCF4\uD638\uC18C\uB97C \uBC29\uBB38\uD558\uC5EC \uC0C1\uB2F4\uC744 \uBC1B\uC73C\uC138\uC694. \uC785\uC591 \uC808\uCC28\uC640 \uC790\uC138\uD55C \uC0AC\uD56D\uC740 \uD648\uD398\uC774\uC9C0\uB97C \uCC38\uACE0\uD574 \uC8FC\uC138\uC694.",
        "post_created_at": "2024-12-04 11:00:00.000000",
        "post_id": 62,
        "post_img_url": "[]",
        "post_title": "\uC720\uAE30\uACAC \uC785\uC591 \uD504\uB85C\uADF8\uB7A8 \uC548\uB0B4",
        "post_updated_at": "2024-12-04 11:00:00.000000",
        "post_view_count": 200,
        "user_id": "dcb02621-65da-489b-98f7-0cbe85386d92"
    },
    {
        "post_uid": "e900b934-f8f3-46ef-b85b-65c5811c0824",
        "delete_reason": "NULL",
        "is_deleted": 0,
        "post_category": "REPORT",
        "post_content": "\uC778\uD130\uB137\uC5D0\uC11C \uBD88\uBC95\uC73C\uB85C \uC560\uC644\uB3D9\uBB3C\uC744 \uD310\uB9E4\uD558\uB294 \uC0AC\uC774\uD2B8\uB97C \uBC1C\uACAC\uD588\uC2B5\uB2C8\uB2E4. \uD574\uB2F9 \uC0AC\uC774\uD2B8\uC5D0\uC11C\uB294 \uB3D9\uBB3C\uC744 \uBE44\uC704\uC0DD\uC801\uC778 \uD658\uACBD\uC5D0\uC11C \uD310\uB9E4\uD558\uACE0 \uC788\uC73C\uBA70, \uC989\uC2DC \uC870\uC0AC\uAC00 \uD544\uC694\uD569\uB2C8\uB2E4.",
        "post_created_at": "2024-12-04 14:30:00.000000",
        "post_id": 54,
        "post_img_url": "[\"ee7e4340-a694-477d-b470-2b8fe12338a8.jpg\"]",
        "post_title": "\uBD88\uBC95 \uC560\uC644\uB3D9\uBB3C \uD310\uB9E4 \uC2E0\uACE0",
        "post_updated_at": "2024-12-04 14:30:00.000000",
        "post_view_count": 200,
        "user_id": "348d99fe-8c08-436a-8597-31c64598a2f0"
    },
    {
        "post_uid": "eefe52fe-5527-4fac-b513-c3748e139f79",
        "delete_reason": "NULL",
        "is_deleted": 0,
        "post_category": "REPORT",
        "post_content": "\uC544\uD30C\uD2B8 \uB2E8\uC9C0 \uB0B4\uC5D0\uC11C \uB3D9\uBB3C\uC744 \uD559\uB300\uD558\uB294 \uC0AC\uB78C\uC744 \uBAA9\uACA9\uD588\uC2B5\uB2C8\uB2E4. \uAC15\uC544\uC9C0\uAC00 \uACC4\uC18D\uD574\uC11C \uD3ED\uB825\uC744 \uB2F9\uD558\uACE0 \uC788\uC73C\uBA70, \uBE60\uB978 \uC870\uCE58\uAC00 \uD544\uC694\uD569\uB2C8\uB2E4.",
        "post_created_at": "2024-12-04 14:00:00.000000",
        "post_id": 53,
        "post_img_url": "[\"c9898e28-d5d1-409e-8bde-d880918e1f95.jpg\"]",
        "post_title": "\uB3D9\uBB3C\uD559\uB300 \uC2E0\uACE0",
        "post_updated_at": "2024-12-04 14:00:00.000000",
        "post_view_count": 180,
        "user_id": "4651812a-ecf6-4422-b6a4-775620724175"
    },
    {
        "post_uid": "efae056d-e218-42e8-8c8f-dbd8eeda8cd1",
        "delete_reason": "NULL",
        "is_deleted": 0,
        "post_category": "BUYANDSELL",
        "post_content": "\uAC15\uC544\uC9C0 \uC790\uB3D9 \uAE09\uC2DD\uAE30 5L \uBAA8\uB378\uC744 \uD310\uB9E4\uD569\uB2C8\uB2E4. \uC0C1\uD0DC \uB9E4\uC6B0 \uC591\uD638\uD558\uACE0, \uBC84\uD2BC \uD558\uB098\uB85C \uAC04\uD3B8\uD558\uAC8C \uAE09\uC2DD\uC744 \uC124\uC815\uD560 \uC218 \uC788\uC2B5\uB2C8\uB2E4. \uC790\uB3D9\uC73C\uB85C \uC77C\uC815\uB7C9\uC758 \uC0AC\uB8CC\uB97C \uAE09\uC5EC\uD558\uBA70, \uAC15\uC544\uC9C0\uC5D0\uAC8C \uC720\uC6A9\uD569\uB2C8\uB2E4. \uAC00\uACA9\uC740 30,000\uC6D0\uC785\uB2C8\uB2E4.",
        "post_created_at": "2024-12-03 21:15:00.000000",
        "post_id": 28,
        "post_img_url": "[\"d683b454-65fd-4539-b5be-4f19d08ee4ea.jpg\"]",
        "post_title": "\uAC15\uC544\uC9C0 \uC790\uB3D9 \uAE09\uC2DD\uAE30 5L \uD310\uB9E4\uD569\uB2C8\uB2E4",
        "post_updated_at": "2024-12-03 21:15:00.000000",
        "post_view_count": 400,
        "user_id": "7a92ae42-876c-4297-9b5c-95c6e7de2eda"
    },
    {
        "post_uid": "f074d100-f5be-499d-855f-e3c00102845b",
        "delete_reason": "NULL",
        "is_deleted": 0,
        "post_category": "FINDCHILD",
        "post_content": "\uC11C\uC6B8 \uAC15\uB0A8\uAD6C\uC5D0\uC11C \uAC08\uC0C9\uC758 \uD3EC\uBA54\uB77C\uB2C8\uC548 \uAC15\uC544\uC9C0 '\uCD08\uCF54'\uAC00 \uC2E4\uC885\uB418\uC5C8\uC2B5\uB2C8\uB2E4. \uBE68\uAC04\uC0C9 \uB9AC\uBCF8\uC774 \uB2EC\uB9B0 \uBAA9\uAC78\uC774\uB97C \uD558\uACE0 \uC788\uC73C\uBA70, \uD639\uC2DC \uBCF4\uC2E0 \uBD84\uC740 \uC5F0\uB77D \uBD80\uD0C1\uB4DC\uB9BD\uB2C8\uB2E4.",
        "post_created_at": "2024-12-04 00:00:00.000000",
        "post_id": 33,
        "post_img_url": "[\"a6572bb4-e924-42d2-a70f-887df4227752.jpg\"]",
        "post_title": "\uC11C\uC6B8 \uAC15\uB0A8\uAD6C\uC5D0\uC11C \uC2E4\uC885\uB41C \uAC15\uC544\uC9C0 '\uCD08\uCF54' \uCC3E\uC2B5\uB2C8\uB2E4",
        "post_updated_at": "2024-12-04 00:00:00.000000",
        "post_view_count": 220,
        "user_id": "c6cbaf96-dc11-467e-939a-6cf69b165f7a"
    },
    {
        "post_uid": "f558b921-771b-4e96-a8ef-fe1e045376eb",
        "delete_reason": "NULL",
        "is_deleted": 0,
        "post_category": "REPORT",
        "post_content": "\uC9C0\uB09C \uC8FC\uB9D0, \uBD88\uBC95\uC801\uC778 \uAC1C \uC0AC\uC721\uC7A5\uC744 \uBC1C\uACAC\uD588\uC2B5\uB2C8\uB2E4. \uB9CE\uC740 \uAC1C\uB4E4\uC774 \uBE44\uC881\uACE0 \uBD88\uACB0\uD55C \uACF5\uAC04\uC5D0 \uAC07\uD600 \uC788\uC73C\uBA70, \uAC74\uAC15 \uC0C1\uD0DC\uAC00 \uB9E4\uC6B0 \uB098\uC069\uB2C8\uB2E4. \uC989\uC2DC \uC870\uCE58\uAC00 \uD544\uC694\uD569\uB2C8\uB2E4.",
        "post_created_at": "2024-12-04 13:00:00.000000",
        "post_id": 51,
        "post_img_url": "[\"c976e6e8-eb84-4176-8699-21b3c70efdb7.jpg\"]",
        "post_title": "\uBD88\uBC95 \uAC1C \uC0AC\uC721\uC7A5 \uC2E0\uACE0",
        "post_updated_at": "2024-12-04 13:00:00.000000",
        "post_view_count": 250,
        "user_id": "368de3a0-e332-4cbd-ac9f-eb8f39c7a97e"
    },
    {
        "post_uid": "f7357f79-0623-4f0b-98ad-6159a49f5e8e",
        "delete_reason": "NULL",
        "is_deleted": 0,
        "post_category": "",
        "post_content": "\uC785\uC591 \uC804 \uC720\uAE30\uACAC\uB4E4\uC744 \uC704\uD55C \uC784\uC2DC \uBCF4\uD638\uC790\uAC00 \uD544\uC694\uD569\uB2C8\uB2E4. \uC720\uAE30\uACAC\uC744 \uC0AC\uB791\uC73C\uB85C \uB3CC\uBD10\uC8FC\uC2E4 \uC784\uC2DC \uBCF4\uD638\uC790\uBD84\uB4E4\uC744 \uBAA8\uC9D1\uD569\uB2C8\uB2E4. \uC790\uC138\uD55C \uC0AC\uD56D\uC740 \uACF5\uC9C0\uC0AC\uD56D\uC744 \uCC38\uACE0\uD574 \uC8FC\uC138\uC694.",
        "post_created_at": "2024-12-04 16:00:00.000000",
        "post_id": 67,
        "post_img_url": "[]",
        "post_title": "\uC720\uAE30\uACAC \uBCF4\uD638\uC18C \uC784\uC2DC \uBCF4\uD638\uC790 \uBAA8\uC9D1",
        "post_updated_at": "2024-12-04 16:00:00.000000",
        "post_view_count": 140,
        "user_id": "dcb02621-65da-489b-98f7-0cbe85386d92"
    },
    {
        "post_uid": "fb752171-f8a2-443e-8d77-965e094c2d62",
        "delete_reason": "NULL",
        "is_deleted": 0,
        "post_category": "ADOPTREVIEW",
        "post_content": "'\uBBF8\uBBF8'\uB97C \uC785\uC591\uD55C \uD6C4 \uB9E4\uC77C\uB9E4\uC77C\uC774 \uD589\uBCF5\uD55C \uC77C\uC0C1\uC774\uB124\uC694. \uBBF8\uBBF8\uB294 \uB9E4\uC6B0 \uD65C\uBC1C\uD558\uACE0, \uC0C8\uB85C\uC6B4 \uAC00\uC871\uB4E4\uC5D0\uAC8C \uC0AC\uB791\uC744 \uB9CE\uC774 \uC90D\uB2C8\uB2E4. \uC815\uB9D0 \uC18C\uC911\uD55C \uC874\uC7AC\uAC00 \uB418\uC5C8\uC5B4\uC694.",
        "post_created_at": "2024-12-04 01:30:00.000000",
        "post_id": 36,
        "post_img_url": "[\"6c8ce34b-082e-4a74-8dc8-97a0b16f0a88.jpg\"]",
        "post_title": "\uC785\uC591\uD55C \uAC15\uC544\uC9C0 '\uBBF8\uBBF8'\uC758 \uD589\uBCF5\uD55C \uC77C\uC0C1",
        "post_updated_at": "2024-12-04 01:30:00.000000",
        "post_view_count": 200,
        "user_id": "15697d14-7a19-46a4-accb-7c494599ea00"
    },
    {
        "post_uid": "fc88ef1a-21f2-40bf-ac23-15bb3fe16319",
        "delete_reason": "NULL",
        "is_deleted": 0,
        "post_category": "FINDCHILD",
        "post_content": "\uC778\uCC9C \uBD80\uD3C9\uAD6C\uC5D0\uC11C 2024\uB144 12\uC6D4 1\uC77C, \uAC15\uC544\uC9C0\uAC00 \uC2E4\uC885\uB418\uC5C8\uC2B5\uB2C8\uB2E4. \uC791\uC740 \uD770\uC0C9 \uAC15\uC544\uC9C0\uB85C, \uBAA9\uAC78\uC774\uC5D0 \uC804\uD654\uBC88\uD638\uAC00 \uC801\uD600 \uC788\uC2B5\uB2C8\uB2E4. \uD639\uC2DC \uBAA9\uACA9\uD55C \uBD84\uC740 \uC5F0\uB77D\uC8FC\uC138\uC694.",
        "post_created_at": "2024-12-03 09:15:00.000000",
        "post_id": 5,
        "post_img_url": "[\"9cb2b2be-103b-4b7d-a689-54d4c638e62f.jpg\"]",
        "post_title": "\uC778\uCC9C \uBD80\uD3C9\uAD6C\uC5D0\uC11C \uC2E4\uC885\uB41C \uAC15\uC544\uC9C0 \uCC3E\uC2B5\uB2C8\uB2E4",
        "post_updated_at": "2024-12-03 09:15:00.000000",
        "post_view_count": 121,
        "user_id": "4b319be7-a20d-464f-9ad0-6bc5d401d48c"
    }
]