[
  {
    "matchingNum": 100001,
    "nickname": "피치플레이",
    "teams": {
      "team1": { "name": "피치플레이", "src": "/src/assets/images/main_team.jpg" },
      "team2": { "name": "Team Bravo", "src": "/src/assets/images/main_team.jpg" }
    },
    "matchingDate": "2024-12-10 15:00",
    "location": "잠원한강공원",
    "locDetail": "서초구",
    "stadiumId": "S231030130758753552",
    "gender": "혼성",
    "level": "Intermediate",
    "views": "120",
    "writtenDate": "2024-11-01",
    "teamSize": "5vs5"
  },
  {
    "matchingNum": 100002,
    "nickname": "가람이",
    "teams": {
      "team1": { "name": "Red Dragons", "src": "/src/assets/images/main_team.jpg" },
      "team2": { "name": "Team Bravo", "src": "/src/assets/images/main_team.jpg" }
    },
    "matchingDate": "2024-12-01 13:00",
    "location": "뚝섬한강공원",
    "locDetail": "광진구",
    "stadiumId": "S231030133625219222",
    "gender": "혼성",
    "level": "Advanced",
    "views": "200",
    "writtenDate": "2024-12-15",
    "teamSize": "5vs5"
  },
  {
    "matchingNum": 100003,
    "name": "이현수",
    "teams": {
      "team1": { "name": "Team Alpha", "src": "/src/assets/images/main_team.jpg" },
      "team2": { "name": "", "src": "" }
    },
    "matchingDate": "2024-11-25 10:30",
    "location": "광나루한강공원",
    "locDetail": "강동구",
    "stadiumId": "S231030110352370636",
    "gender": "혼성",
    "level": "Intermediate",
    "views": "120",
    "writtenDate": "2024-11-15",
    "teamSize": "5vs5"
  },
  {
    "matchingNum": 100004,
    "nickname": "다은이",
    "teams": {
      "team1": { "name": "Red Dragons", "src": "/src/assets/images/main_team.jpg" },
      "team2": { "name": "", "src": "" }
    },
    "matchingDate": "2024-11-01 18:00",
    "location": "보라매공원",
    "locDetail": "동작구",
    "stadiumId": "S231030110352370636",
    "gender": "남성",
    "level": "Advanced",
    "views": "200",
    "writtenDate": "2024-12-20",
    "teamSize": "11vs11"
  },
  {
    "matchingNum": 100005,
    "nickname": "민수킹",
    "teams": {
      "team1": { "name": "Team Alpha", "src": "/src/assets/images/main_team.jpg" },
      "team2": { "name": "피치플레이", "src": "/src/assets/images/main_team.jpg" }
    },
    "matchingDate": "2024-12-30 16:00",
    "location": "반포종합운동장",
    "locDetail": "서초구",
    "stadiumId": "S231208105143407599",
    "gender": "혼성",
    "level": "Intermediate",
    "views": "120",
    "writtenDate": "2024-12-23",
    "teamSize": "11vs11"
  },
  {
    "matchingNum": 100006,
    "nickname": "지민짱",
    "teams": {
      "team1": { "name": "Red Dragons", "src": "/src/assets/images/main_team.jpg" },
      "team2": { "name": "", "src": "" }
    },
    "matchingDate": "2024-11-10 11:00",
    "location": "노량진 축구장",
    "locDetail": "동작구",
    "stadiumId": "S231208105143407599",
    "gender": "남성",
    "level": "Advanced",
    "views": "200",
    "writtenDate": "2024-12-25",
    "teamSize": "11vs11"
  },
  {
    "matchingNum": 100007,
    "nickname": "길동홍",
    "teams": {
      "team1": { "name": "Green Warriors", "src": "/imgs/team.jpg" },
      "team2": { "name": "Black Hawks", "src": "/imgs/team.jpg" }
    },
    "matchingDate": "2024-12-10 14:30",
    "location": "송파구여성축구장",
    "locDetail": "송파구",
    "stadiumId": "S231208105143407599",
    "gender": "혼성",
    "level": "Beginner",
    "views": "150",
    "writtenDate": "2024-12-01",
    "teamSize": "7vs7"
  },
  {
    "matchingNum": 100008,
    "nickname": "세훈이",
    "teams": {
      "team1": { "name": "피치플레이", "src": "/imgs/team.jpg" },
      "team2": { "name": "Red Dragons", "src": "/imgs/team.jpg" }
    },
    "matchingDate": "2024-12-23 15:30",
    "location": "보라매공원 축구장",
    "locDetail": "동작구",
    "stadiumId": "S231208105143407599",
    "gender": "남성",
    "level": "Intermediate",
    "views": "300",
    "writtenDate": "2024-12-10",
    "teamSize": "7vs7"
  },
  {
    "matchingNum": 100009,
    "nickname": "하늘하늘",
    "teams": {
      "team1": { "name": "피치플레이", "src": "/imgs/team.jpg" },
      "team2": { "name": "Wild Cats", "src": "/imgs/team.jpg" }
    },
    "matchingDate": "2024-11-29 19:00",
    "location": "보라매공원 축구장",
    "locDetail": "동작구",
    "stadiumId": "S231208105143407599",
    "gender": "여성",
    "level": "Advanced",
    "views": "180",
    "writtenDate": "2024-11-17",
    "teamSize": "7vs7"
  }
]