[
  {
    "orderId": "ORD001",
    "paymentDate": "2024-11-01",
    "amount": 120000,
    "paymentMethod": "신한카드",
    "paymentStatus": "충전",
    "userId": "pitch123",
    "reservationNumber": "123123"
  },
  {
    "orderId": "ORD002",
    "paymentDate": "2024-11-02",
    "amount": 75000,
    "paymentMethod": "신한카드",
    "stadiumId": "S210401100008601453",
    "paymentStatus": "충전",
    "userId": "pitch123",
    "reservationNumber": "123245"
  },
  {
    "orderId": "ORD002",
    "paymentDate": "2024-11-02",
    "amount": 20000,
    "paymentMethod": "신한카드",
    "stadiumId": "S210401100008601453",
    "paymentStatus": "환불",
    "userId": "pitch123",
    "reservationNumber": "123245"
  },
  {
    "orderId": "ORD003",
    "paymentDate": "2024-11-03",
    "amount": 250000,
    "paymentMethod": "하나카드",
    "paymentStatus": "환불",
    "userId": "garam456",
   "reservationNumber": "123145"
  },
  {
    "orderId": "ORD004",
    "paymentDate": "2024-11-04",
    "amount": 300000,
    "paymentMethod": "농협카드",
    "stadiumId": "S231208105143407599",
    "paymentStatus": "충전",
    "userId": "garam456",
    "reservationNumber": "121151"
  },
  {
    "orderId": "ORD005",
    "paymentDate": "2024-11-05",
    "amount": 100000,
    "paymentMethod": "농협카드",
    "paymentStatus": "충전",
    "userId": "hyunsu789",
    "reservationNumber": "100001"
  },
  {
    "orderId": "ORD006",
    "paymentDate": "2024-11-06",
    "amount": 50000,
    "paymentMethod": "하나카드",
    "stadiumId" :"S231208160336766600",
    "paymentStatus": "환불",
    "userId": "hyunsu789",
    "reservationNumber": "102842"
  },
  {
    "orderId": "ORD007",
    "paymentDate": "2024-11-07",
    "amount": 150000,
    "paymentMethod": "우리카드",
    "paymentStatus": "충전",
    "userId": "daeun1122",
    "reservationNumber": "102842"
  },
  {
    "orderId": "ORD008",
    "paymentDate": "2024-11-08",
    "amount": 200000,
    "paymentMethod": "현대카드",
    "stadiumId": "S231211171320885915",
    "paymentStatus": "환불",
    "userId": "daeun1122",
    "reservationNumber": "190284"
  },
  {
    "orderId": "ORD009",
    "paymentDate": "2024-11-09",
    "amount": 175000,
    "paymentMethod": "삼성카드",
    "paymentStatus": "환불",
    "userId": "jimin3344",
    "reservationNumber": "139482"
  },
  {
    "orderId": "ORD010",
    "paymentDate": "2024-11-10",
    "amount": 120000,
    "paymentMethod": "삼성카드",
    "stadiumId": "S231211171320885915",
    "paymentStatus": "충전",
    "userId": "minsu2233",
    "reservationNumber": "105823"
    },
  {
    "orderId": "ORD011",
    "paymentDate": "2024-11-11",
    "amount": 220000,
    "paymentMethod": "하나카드",
    "paymentStatus": "충전",
    "userId": "jimin3344",
    "reservationNumber": "135274"
  },
  {
    "orderId": "ORD012",
    "paymentDate": "2024-11-12",
    "amount": 180000,
    "paymentMethod": "우리카드",
    "stadiumId": "S231211171320885915",
    "paymentStatus": "환불",
    "userId": "minsu2233",
    "reservationNumber": "134536"
  },
  {
    "orderId": "ORD013",
    "paymentDate": "2024-12-01",
    "amount": 130000,
    "paymentMethod": "핸드폰결제",
    "paymentStatus": "충전",
    "userId": "hong4455",
    "reservationNumber": "134536"
  },
  {
    "orderId": "ORD014",
    "paymentDate": "2024-12-02",
    "amount": 80000,
    "paymentMethod": "우리카드",
    "stadiumId": "S241119093351511483",
    "paymentStatus": "충전",
    "userId": "jaehyun7788",
    "reservationNumber": "192337"
  },
  {
    "orderId": "ORD015",
    "paymentDate": "2024-12-03",
    "amount": 300000,
    "paymentMethod": "우리카드",
    "paymentStatus": "충전",
    "userId": "minsu9900",
    "reservationNumber": "192338"
  },
  {
    "orderId": "ORD016",
    "paymentDate": "2024-12-04",
    "amount": 450000,
    "paymentMethod": "신한카드",
    "stadiumId": "S241119093351511483",
    "paymentStatus": "충전",
    "userId": "haneul2233",
    "reservationNumber": "192341"
  },
  {
    "orderId": "ORD017",
    "paymentDate": "2024-12-05",
    "amount": 60000,
    "paymentMethod": "국민카드",
    "paymentStatus": "충전",
    "userId": "jungwoo7788",
    "reservationNumber": "192342"
  },
  {
    "orderId": "ORD018",
    "paymentDate": "2024-12-06",
    "amount": 95000,
    "paymentMethod": "삼성카드",
    "stadiumId": "S241119093351511483",
    "paymentStatus": "충전",
    "userId": "soohyun5566",
    "reservationNumber": "192343"
  },
  {
    "orderId": "ORD019",
    "paymentDate": "2024-12-07",
    "amount": 180000,
    "paymentMethod": "국민카드",
    "paymentStatus": "환불",
    "userId": "taehwan9988",
    "reservationNumber": "192344"
  },
  {
    "orderId": "ORD020",
    "paymentDate": "2024-12-08",
    "amount": 250000,
    "paymentMethod": "농협카드",
    "stadiumId": "S241119100830004167",
    "paymentStatus": "환불",
    "userId": "taehwan9988",
    "reservationNumber": "192345"
  },
  {
    "orderId": "ORD021",
    "paymentDate": "2024-12-09",
    "amount": 160000,
    "paymentMethod": "농협카드",
    "paymentStatus": "충전",
    "userId": "lee1010",
    "reservationNumber": "192346"
  },
  {
    "orderId": "ORD022",
    "paymentDate": "2024-12-10",
    "amount": 120000,
    "paymentMethod": "농협카드",
    "stadiumId": "S241119100830004167",
    "paymentStatus": "충전",
    "userId": "hong4455",
    "reservationNumber": "192347"
  },
  {
    "orderId": "ORD023",
    "paymentDate": "2024-12-11",
    "amount": 240000,
    "paymentMethod": "신한카드",
    "paymentStatus": "환불",
    "userId": "lee1010",
    "reservationNumber": "1923248"
  },
  {
    "orderId": "ORD024",
    "paymentDate": "2024-12-12",
    "amount": 190000,
    "paymentMethod": "신한카드",
    "stadiumId": "S241119100830004167",
    "paymentStatus": "환불",
    "userId": "taeyoung3030",
    "reservationNumber": "192323"
  },
  {
    "orderId": "ORD025",
    "paymentDate": "2024-12-12",
    "amount": 190000,
    "paymentMethod": "신한카드",
    "stadiumId": "S241119100830004167",
    "paymentStatus": "환불",
    "userId": "taeyoung3030",
    "reservationNumber": "192323"
  },
  {
    "orderId": "ORD026",
    "paymentDate": "2024-12-12",
    "amount": 120000,
    "paymentMethod": "우리카드",
    "stadiumId": "S241119100830004167",
    "paymentStatus": "환불",
    "userId": "taeyoung3030",
    "reservationNumber": "192323"
  },
  {
    "orderId": "ORD027",
    "paymentDate": "2024-12-12",
    "amount": 190000,
    "paymentMethod": "우리카드",
    "stadiumId": "S241119100830004167",
    "paymentStatus": "환불",
    "userId": "hong4455",
    "reservationNumber": "192323"
  }

]