{
  "visitorStatistics": {
    "yearlyVisitors": [
      {
        "year": 2020,
        "totalVisitors": 28000
      },
      {
        "year": 2021,
        "totalVisitors": 30000
      },
      {
        "year": 2022,
        "totalVisitors": 45000
      },
      {
        "year": 2023,
        "totalVisitors": 52000
      },
      {
        "year": 2024,
        "totalVisitors": 50000
      }
    ],
    "monthlyVisitors": [
      {
        "month": "2024-01",
        "totalVisitors": 1500
      },
      {
        "month": "2024-02",
        "totalVisitors": 2000
      },
      {
        "month": "2024-03",
        "totalVisitors": 1800
      },
      {
        "month": "2024-04",
        "totalVisitors": 3000
      },
      {
        "month": "2024-05",
        "totalVisitors": 1400
      },
      {
        "month": "2024-06",
        "totalVisitors": 1200
      },
      {
        "month": "2024-07",
        "totalVisitors": 1500
      },
      {
        "month": "2024-08",
        "totalVisitors": 1800
      },
      {
        "month": "2024-09",
        "totalVisitors": 1900
      },
      {
        "month": "2024-10",
        "totalVisitors": 2100
      },
      {
        "month": "2024-11",
        "totalVisitors": 2842
      },
      {
        "month": "2024-12",
        "totalVisitors": 63
      }
    ],
    "dailyVisitors": [
      {
        "date": "2024-11-01",
        "totalVisitors": 100,
        "stadiumReservations": 10,
        "matchings": 5,
        "faqSubmissions": 7,
        "teamCreations": 3,
        "newRegistrations": 12,
        "ads": "",
        "naver": 30,
        "google": 20,
        "safari": 10,
        "other": 40
      },
      {
        "date": "2024-11-02",
        "totalVisitors": 150,
        "stadiumReservations": 12,
        "matchings": 6,
        "faqSubmissions": 8,
        "teamCreations": 4,
        "newRegistrations": 14,
        "ads": "배너 광고",
        "naver": 50,
        "google": 30,
        "safari": 20,
        "other": 50
      },
      {
        "date": "2024-11-03",
        "totalVisitors": 120,
        "stadiumReservations": 14,
        "matchings": 8,
        "faqSubmissions": 9,
        "teamCreations": 5,
        "newRegistrations": 16,
        "ads": "검색광고",
        "naver": 40,
        "google": 30,
        "safari": 25,
        "other": 25
      },
      {
        "date": "2024-11-04",
        "totalVisitors": 80,
        "stadiumReservations": 16,
        "matchings": 10,
        "faqSubmissions": 7,
        "teamCreations": 6,
        "newRegistrations": 18,
        "ads": "",
        "naver": 20,
        "google": 25,
        "safari": 10,
        "other": 25
      },
      {
        "date": "2024-11-05",
        "totalVisitors": 100,
        "stadiumReservations": 18,
        "matchings": 12,
        "faqSubmissions": 6,
        "teamCreations": 7,
        "newRegistrations": 20,
        "ads": "배너 광고",
        "naver": 50,
        "google": 20,
        "safari": 15,
        "other": 15
      },
      {
        "date": "2024-11-06",
        "totalVisitors": 95,
        "stadiumReservations": 20,
        "matchings": 14,
        "faqSubmissions": 10,
        "teamCreations": 8,
        "newRegistrations": 22,
        "ads": "",
        "naver": 45,
        "google": 25,
        "safari": 10,
        "other": 15
      },
      {
        "date": "2024-11-07",
        "totalVisitors": 110,
        "stadiumReservations": 22,
        "matchings": 15,
        "faqSubmissions": 11,
        "teamCreations": 9,
        "newRegistrations": 24,
        "ads": "검색광고",
        "naver": 30,
        "google": 40,
        "safari": 20,
        "other": 20
      },
      {
        "date": "2024-11-08",
        "totalVisitors": 120,
        "stadiumReservations": 25,
        "matchings": 18,
        "faqSubmissions": 12,
        "teamCreations": 10,
        "newRegistrations": 26,
        "ads": "",
        "naver": 50,
        "google": 25,
        "safari": 10,
        "other": 35
      },
      {
        "date": "2024-11-09",
        "totalVisitors": 140,
        "stadiumReservations": 28,
        "matchings": 20,
        "faqSubmissions": 13,
        "teamCreations": 11,
        "newRegistrations": 28,
        "ads": "배너 광고",
        "naver": 60,
        "google": 30,
        "safari": 25,
        "other": 25
      },
      {
        "date": "2024-11-10",
        "totalVisitors": 100,
        "stadiumReservations": 30,
        "matchings": 22,
        "faqSubmissions": 14,
        "teamCreations": 12,
        "newRegistrations": 30,
        "ads": "",
        "naver": 40,
        "google": 25,
        "safari": 20,
        "other": 15
      },
      {
        "date": "2024-11-11",
        "totalVisitors": 125,
        "stadiumReservations": 32,
        "matchings": 24,
        "faqSubmissions": 15,
        "teamCreations": 13,
        "newRegistrations": 32,
        "ads": "검색광고",
        "naver": 45,
        "google": 35,
        "safari": 20,
        "other": 25
      },
      {
        "date": "2024-11-12",
        "totalVisitors": 135,
        "stadiumReservations": 34,
        "matchings": 26,
        "faqSubmissions": 16,
        "teamCreations": 14,
        "newRegistrations": 34,
        "ads": "",
        "naver": 50,
        "google": 30,
        "safari": 25,
        "other": 30
      },
      {
        "date": "2024-11-13",
        "totalVisitors": 130,
        "stadiumReservations": 36,
        "matchings": 28,
        "faqSubmissions": 17,
        "teamCreations": 15,
        "newRegistrations": 36,
        "ads": "배너 광고",
        "naver": 60,
        "google": 35,
        "safari": 20,
        "other": 25
      },
      {
        "date": "2024-11-14",
        "totalVisitors": 140,
        "stadiumReservations": 38,
        "matchings": 30,
        "faqSubmissions": 18,
        "teamCreations": 16,
        "newRegistrations": 38,
        "ads": "",
        "naver": 50,
        "google": 40,
        "safari": 25,
        "other": 25
      },
      {
        "date": "2024-11-15",
        "totalVisitors": 110,
        "stadiumReservations": 40,
        "matchings": 32,
        "faqSubmissions": 19,
        "teamCreations": 17,
        "newRegistrations": 40,
        "ads": "검색광고",
        "naver": 40,
        "google": 35,
        "safari": 25,
        "other": 20
      },
      {
        "date": "2024-11-16",
        "totalVisitors": 105,
        "stadiumReservations": 42,
        "matchings": 34,
        "faqSubmissions": 20,
        "teamCreations": 18,
        "newRegistrations": 42,
        "ads": "",
        "naver": 45,
        "google": 30,
        "safari": 20,
        "other": 25
      },
      {
        "date": "2024-11-17",
        "totalVisitors": 95,
        "stadiumReservations": 44,
        "matchings": 36,
        "faqSubmissions": 21,
        "teamCreations": 19,
        "newRegistrations": 44,
        "ads": "배너 광고",
        "naver": 50,
        "google": 25,
        "safari": 20,
        "other": 25
      },
      {
        "date": "2024-11-18",
        "totalVisitors": 110,
        "stadiumReservations": 46,
        "matchings": 38,
        "faqSubmissions": 22,
        "teamCreations": 20,
        "newRegistrations": 46,
        "ads": "",
        "naver": 55,
        "google": 30,
        "safari": 25,
        "other": 30
      },
      {
        "date": "2024-11-19",
        "totalVisitors": 120,
        "stadiumReservations": 48,
        "matchings": 40,
        "faqSubmissions": 23,
        "teamCreations": 21,
        "newRegistrations": 48,
        "ads": "검색광고",
        "naver": 60,
        "google": 35,
        "safari": 25,
        "other": 30
      },
      {
        "date": "2024-11-20",
        "totalVisitors": 100,
        "stadiumReservations": 50,
        "matchings": 42,
        "faqSubmissions": 24,
        "teamCreations": 22,
        "newRegistrations": 50,
        "ads": "",
        "naver": 45,
        "google": 40,
        "safari": 25,
        "other": 30
      },
      {
        "date": "2024-11-21",
        "totalVisitors": 100,
        "stadiumReservations": 10,
        "matchings": 5,
        "faqSubmissions": 7,
        "teamCreations": 3,
        "newRegistrations": 12,
        "ads": "",
        "naver": 30,
        "google": 20,
        "safari": 10,
        "other": 40
      },
      {
        "date": "2024-11-22",
        "totalVisitors": 150,
        "stadiumReservations": 12,
        "matchings": 6,
        "faqSubmissions": 8,
        "teamCreations": 4,
        "newRegistrations": 14,
        "ads": "배너 광고",
        "naver": 50,
        "google": 30,
        "safari": 20,
        "other": 50
      },
      {
        "date": "2024-11-23",
        "totalVisitors": 120,
        "stadiumReservations": 14,
        "matchings": 8,
        "faqSubmissions": 9,
        "teamCreations": 5,
        "newRegistrations": 16,
        "ads": "검색광고",
        "naver": 40,
        "google": 30,
        "safari": 25,
        "other": 25
      },
      {
        "date": "2024-11-24",
        "totalVisitors": 80,
        "stadiumReservations": 16,
        "matchings": 10,
        "faqSubmissions": 7,
        "teamCreations": 6,
        "newRegistrations": 18,
        "ads": "",
        "naver": 20,
        "google": 25,
        "safari": 10,
        "other": 25
      },
      {
        "date": "2024-11-25",
        "totalVisitors": 100,
        "stadiumReservations": 18,
        "matchings": 12,
        "faqSubmissions": 6,
        "teamCreations": 7,
        "newRegistrations": 20,
        "ads": "배너 광고",
        "naver": 50,
        "google": 20,
        "safari": 15,
        "other": 15
      },
      {
        "date": "2024-11-26",
        "totalVisitors": 95,
        "stadiumReservations": 20,
        "matchings": 14,
        "faqSubmissions": 10,
        "teamCreations": 8,
        "newRegistrations": 22,
        "ads": "",
        "naver": 45,
        "google": 25,
        "safari": 10,
        "other": 15
      },
      {
        "date": "2024-11-27",
        "totalVisitors": 110,
        "stadiumReservations": 22,
        "matchings": 15,
        "faqSubmissions": 11,
        "teamCreations": 9,
        "newRegistrations": 24,
        "ads": "검색광고",
        "naver": 30,
        "google": 40,
        "safari": 20,
        "other": 20
      },
      {
        "date": "2024-11-28",
        "totalVisitors": 120,
        "stadiumReservations": 25,
        "matchings": 18,
        "faqSubmissions": 12,
        "teamCreations": 10,
        "newRegistrations": 26,
        "ads": "",
        "naver": 50,
        "google": 25,
        "safari": 10,
        "other": 35
      },
      {
        "date": "2024-11-29",
        "totalVisitors": 140,
        "stadiumReservations": 28,
        "matchings": 20,
        "faqSubmissions": 13,
        "teamCreations": 11,
        "newRegistrations": 28,
        "ads": "배너 광고",
        "naver": 60,
        "google": 30,
        "safari": 25,
        "other": 25
      },
      {
        "date": "2024-11-30",
        "totalVisitors": 100,
        "stadiumReservations": 30,
        "matchings": 22,
        "faqSubmissions": 14,
        "teamCreations": 12,
        "newRegistrations": 30,
        "ads": "",
        "naver": 40,
        "google": 25,
        "safari": 20,
        "other": 15
      },
      {
        "date": "2024-12-01",
        "totalVisitors": 125,
        "stadiumReservations": 32,
        "matchings": 24,
        "faqSubmissions": 15,
        "teamCreations": 13,
        "newRegistrations": 32,
        "ads": "검색광고",
        "naver": 45,
        "google": 35,
        "safari": 20,
        "other": 25
      },
      {
        "date": "2024-12-02",
        "totalVisitors": 135,
        "stadiumReservations": 34,
        "matchings": 26,
        "faqSubmissions": 16,
        "teamCreations": 14,
        "newRegistrations": 34,
        "ads": "",
        "naver": 50,
        "google": 30,
        "safari": 25,
        "other": 30
      },
      {
        "date": "2024-12-03",
        "totalVisitors": 130,
        "stadiumReservations": 36,
        "matchings": 28,
        "faqSubmissions": 17,
        "teamCreations": 15,
        "newRegistrations": 36,
        "ads": "배너 광고",
        "naver": 60,
        "google": 35,
        "safari": 20,
        "other": 25
      },
      {
        "date": "2024-12-04",
        "totalVisitors": 140,
        "stadiumReservations": 38,
        "matchings": 30,
        "faqSubmissions": 18,
        "teamCreations": 16,
        "newRegistrations": 38,
        "ads": "",
        "naver": 50,
        "google": 40,
        "safari": 25,
        "other": 25
      },
      {
        "date": "2024-12-05",
        "totalVisitors": 110,
        "stadiumReservations": 40,
        "matchings": 32,
        "faqSubmissions": 19,
        "teamCreations": 17,
        "newRegistrations": 40,
        "ads": "검색광고",
        "naver": 40,
        "google": 35,
        "safari": 25,
        "other": 20
      },
      {
        "date": "2024-12-06",
        "totalVisitors": 105,
        "stadiumReservations": 42,
        "matchings": 34,
        "faqSubmissions": 20,
        "teamCreations": 18,
        "newRegistrations": 42,
        "ads": "",
        "naver": 45,
        "google": 30,
        "safari": 20,
        "other": 25
      },
      {
        "date": "2024-12-07",
        "totalVisitors": 95,
        "stadiumReservations": 44,
        "matchings": 36,
        "faqSubmissions": 21,
        "teamCreations": 19,
        "newRegistrations": 44,
        "ads": "배너 광고",
        "naver": 50,
        "google": 25,
        "safari": 20,
        "other": 25
      },
      {
        "date": "2024-12-08",
        "totalVisitors": 110,
        "stadiumReservations": 46,
        "matchings": 38,
        "faqSubmissions": 22,
        "teamCreations": 20,
        "newRegistrations": 46,
        "ads": "",
        "naver": 55,
        "google": 30,
        "safari": 25,
        "other": 30
      },
      {
        "date": "2024-12-09",
        "totalVisitors": 120,
        "stadiumReservations": 48,
        "matchings": 40,
        "faqSubmissions": 23,
        "teamCreations": 21,
        "newRegistrations": 48,
        "ads": "검색광고",
        "naver": 60,
        "google": 35,
        "safari": 25,
        "other": 30
      },
      {
        "date": "2024-12-10",
        "totalVisitors": 100,
        "stadiumReservations": 50,
        "matchings": 42,
        "faqSubmissions": 24,
        "teamCreations": 22,
        "newRegistrations": 50,
        "ads": "",
        "naver": 45,
        "google": 40,
        "safari": 25,
        "other": 30
      },
      {
        "date": "2024-12-11",
        "totalVisitors": 125,
        "stadiumReservations": 32,
        "matchings": 24,
        "faqSubmissions": 15,
        "teamCreations": 13,
        "newRegistrations": 32,
        "ads": "검색광고",
        "naver": 45,
        "google": 35,
        "safari": 20,
        "other": 25
      },
      {
        "date": "2024-12-12",
        "totalVisitors": 135,
        "stadiumReservations": 34,
        "matchings": 26,
        "faqSubmissions": 16,
        "teamCreations": 14,
        "newRegistrations": 34,
        "ads": "",
        "naver": 50,
        "google": 30,
        "safari": 25,
        "other": 30
      },
      {
        "date": "2024-12-13",
        "totalVisitors": 130,
        "stadiumReservations": 36,
        "matchings": 28,
        "faqSubmissions": 17,
        "teamCreations": 15,
        "newRegistrations": 36,
        "ads": "배너 광고",
        "naver": 60,
        "google": 35,
        "safari": 20,
        "other": 25
      },
      {
        "date": "2024-12-14",
        "totalVisitors": 140,
        "stadiumReservations": 38,
        "matchings": 30,
        "faqSubmissions": 18,
        "teamCreations": 16,
        "newRegistrations": 38,
        "ads": "",
        "naver": 50,
        "google": 40,
        "safari": 25,
        "other": 25
      },
      {
        "date": "2024-12-15",
        "totalVisitors": 110,
        "stadiumReservations": 40,
        "matchings": 32,
        "faqSubmissions": 19,
        "teamCreations": 17,
        "newRegistrations": 40,
        "ads": "검색광고",
        "naver": 40,
        "google": 35,
        "safari": 25,
        "other": 20
      },
      {
        "date": "2024-12-16",
        "totalVisitors": 105,
        "stadiumReservations": 42,
        "matchings": 34,
        "faqSubmissions": 20,
        "teamCreations": 18,
        "newRegistrations": 42,
        "ads": "",
        "naver": 45,
        "google": 30,
        "safari": 20,
        "other": 25
      },
      {
        "date": "2024-12-17",
        "totalVisitors": 95,
        "stadiumReservations": 44,
        "matchings": 36,
        "faqSubmissions": 21,
        "teamCreations": 19,
        "newRegistrations": 44,
        "ads": "배너 광고",
        "naver": 50,
        "google": 25,
        "safari": 20,
        "other": 25
      },
      {
        "date": "2024-12-18",
        "totalVisitors": 110,
        "stadiumReservations": 46,
        "matchings": 38,
        "faqSubmissions": 22,
        "teamCreations": 20,
        "newRegistrations": 46,
        "ads": "",
        "naver": 55,
        "google": 30,
        "safari": 25,
        "other": 30
      },
      {
        "date": "2024-12-19",
        "totalVisitors": 120,
        "stadiumReservations": 48,
        "matchings": 40,
        "faqSubmissions": 23,
        "teamCreations": 21,
        "newRegistrations": 48,
        "ads": "검색광고",
        "naver": 60,
        "google": 35,
        "safari": 25,
        "other": 30
      },
      {
        "date": "2024-12-20",
        "totalVisitors": 100,
        "stadiumReservations": 50,
        "matchings": 42,
        "faqSubmissions": 24,
        "teamCreations": 22,
        "newRegistrations": 50,
        "ads": "",
        "naver": 45,
        "google": 40,
        "safari": 25,
        "other": 30
      }
    ]
  }
}